muestra,tiempo_ms,adc,adc_centrado
0,0.000000,1879,-8.566406
1,0.031381,1885,-2.566406
2,0.062762,1933,45.433594
3,0.094142,1915,27.433594
4,0.125523,1973,85.433594
5,0.156904,1953,65.433594
6,0.188285,1983,95.433594
7,0.219666,1972,84.433594
8,0.251047,1994,106.433594
9,0.282427,1987,99.433594
10,0.313808,1984,96.433594
11,0.345189,1995,107.433594
12,0.376570,1991,103.433594
13,0.407951,1986,98.433594
14,0.439331,1975,87.433594
15,0.470712,1986,98.433594
16,0.502093,1975,87.433594
17,0.533474,1982,94.433594
18,0.564855,1968,80.433594
19,0.596236,1969,81.433594
20,0.627616,1965,77.433594
21,0.658997,1969,81.433594
22,0.690378,1963,75.433594
23,0.721759,1968,80.433594
24,0.753140,1942,54.433594
25,0.784520,1953,65.433594
26,0.815901,1919,31.433594
27,0.847282,1931,43.433594
28,0.878663,1962,74.433594
29,0.910044,1936,48.433594
30,0.941425,1968,80.433594
31,0.972805,1989,101.433594
32,1.004186,1895,7.433594
33,1.035567,1921,33.433594
34,1.066948,1924,36.433594
35,1.098329,1886,-1.566406
36,1.129709,1909,21.433594
37,1.161090,1939,51.433594
38,1.192471,1887,-0.566406
39,1.223852,1876,-11.566406
40,1.255233,1930,42.433594
41,1.286614,1922,34.433594
42,1.317994,1887,-0.566406
43,1.349375,1883,-4.566406
44,1.380756,1911,23.433594
45,1.412137,1898,10.433594
46,1.443518,1853,-34.566406
47,1.474898,1890,2.433594
48,1.506279,1920,32.433594
49,1.537660,1874,-13.566406
50,1.569041,1894,6.433594
51,1.600422,1922,34.433594
52,1.631803,1846,-41.566406
53,1.663183,1865,-22.566406
54,1.694564,1795,-92.566406
55,1.725945,1825,-62.566406
56,1.757326,1746,-141.566406
57,1.788707,1776,-111.566406
58,1.820087,1754,-133.566406
59,1.851468,1759,-128.566406
60,1.882849,1782,-105.566406
61,1.914230,1770,-117.566406
62,1.945611,1776,-111.566406
63,1.976992,1776,-111.566406
64,2.008372,1775,-112.566406
65,2.039753,1767,-120.566406
66,2.071134,1753,-134.566406
67,2.102515,1767,-120.566406
68,2.133896,1746,-141.566406
69,2.165276,1739,-148.566406
70,2.196657,1798,-89.566406
71,2.228038,1778,-109.566406
72,2.259419,1744,-143.566406
73,2.290800,1779,-108.566406
74,2.322181,1808,-79.566406
75,2.353561,1749,-138.566406
76,2.384942,1805,-82.566406
77,2.416323,1844,-43.566406
78,2.447704,1765,-122.566406
79,2.479085,1746,-141.566406
80,2.510466,1844,-43.566406
81,2.541846,1827,-60.566406
82,2.573227,1761,-126.566406
83,2.604608,1798,-89.566406
84,2.635989,1840,-47.566406
85,2.667370,1808,-79.566406
86,2.698750,1785,-102.566406
87,2.730131,1817,-70.566406
88,2.761512,1842,-45.566406
89,2.792893,1810,-77.566406
90,2.824274,1824,-63.566406
91,2.855655,1843,-44.566406
92,2.887035,1835,-52.566406
93,2.918416,1824,-63.566406
94,2.949797,1807,-80.566406
95,2.981178,1822,-65.566406
96,3.012559,1825,-62.566406
97,3.043939,1811,-76.566406
98,3.075320,1856,-31.566406
99,3.106701,1835,-52.566406
100,3.138082,1822,-65.566406
101,3.169463,1836,-51.566406
102,3.200844,1851,-36.566406
103,3.232224,1834,-53.566406
104,3.263605,1831,-56.566406
105,3.294986,1840,-47.566406
106,3.326367,1857,-30.566406
107,3.357748,1838,-49.566406
108,3.389128,1834,-53.566406
109,3.420509,1847,-40.566406
110,3.451890,1837,-50.566406
111,3.483271,1808,-79.566406
112,3.514652,1853,-34.566406
113,3.546033,1854,-33.566406
114,3.577413,1825,-62.566406
115,3.608794,1829,-58.566406
116,3.640175,1871,-16.566406
117,3.671556,1862,-25.566406
118,3.702937,1826,-61.566406
119,3.734317,1852,-35.566406
120,3.765698,1880,-7.566406
121,3.797079,1841,-46.566406
122,3.828460,1824,-63.566406
123,3.859841,1873,-14.566406
124,3.891222,1849,-38.566406
125,3.922602,1808,-79.566406
126,3.953983,1856,-31.566406
127,3.985364,1878,-9.566406
128,4.016745,1849,-38.566406
129,4.048126,1819,-68.566406
130,4.079506,1881,-6.566406
131,4.110887,1890,2.433594
132,4.142268,1856,-31.566406
133,4.173649,1869,-18.566406
134,4.205030,1870,-17.566406
135,4.236411,1877,-10.566406
136,4.267791,1873,-14.566406
137,4.299172,1867,-20.566406
138,4.330553,1877,-10.566406
139,4.361934,1876,-11.566406
140,4.393315,1856,-31.566406
141,4.424695,1872,-15.566406
142,4.456076,1872,-15.566406
143,4.487457,1870,-17.566406
144,4.518838,1870,-17.566406
145,4.550219,1865,-22.566406
146,4.581600,1855,-32.566406
147,4.612980,1868,-19.566406
148,4.644361,1872,-15.566406
149,4.675742,1870,-17.566406
150,4.707123,1890,2.433594
151,4.738504,1884,-3.566406
152,4.769884,1884,-3.566406
153,4.801265,1889,1.433594
154,4.832646,1882,-5.566406
155,4.864027,1872,-15.566406
156,4.895408,1869,-18.566406
157,4.926789,1871,-16.566406
158,4.958169,1870,-17.566406
159,4.989550,1863,-24.566406
160,5.020931,1883,-4.566406
161,5.052312,1873,-14.566406
162,5.083693,1891,3.433594
163,5.115073,1894,6.433594
164,5.146454,1878,-9.566406
165,5.177835,1888,0.433594
166,5.209216,1874,-13.566406
167,5.240597,1872,-15.566406
168,5.271978,1872,-15.566406
169,5.303358,1888,0.433594
170,5.334739,1879,-8.566406
171,5.366120,1872,-15.566406
172,5.397501,1869,-18.566406
173,5.428882,1875,-12.566406
174,5.460262,1879,-8.566406
175,5.491643,1867,-20.566406
176,5.523024,1879,-8.566406
177,5.554405,1875,-12.566406
178,5.585786,1898,10.433594
179,5.617167,1877,-10.566406
180,5.648547,1884,-3.566406
181,5.679928,1888,0.433594
182,5.711309,1888,0.433594
183,5.742690,1887,-0.566406
184,5.774071,1904,16.433594
185,5.805451,1885,-2.566406
186,5.836832,1891,3.433594
187,5.868213,1887,-0.566406
188,5.899594,1889,1.433594
189,5.930975,1899,11.433594
190,5.962356,1887,-0.566406
191,5.993736,1889,1.433594
192,6.025117,1895,7.433594
193,6.056498,1892,4.433594
194,6.087879,1895,7.433594
195,6.119260,1903,15.433594
196,6.150640,1895,7.433594
197,6.182021,1894,6.433594
198,6.213402,1895,7.433594
199,6.244783,1895,7.433594
200,6.276164,1887,-0.566406
201,6.307545,1894,6.433594
202,6.338925,1888,0.433594
203,6.370306,1881,-6.566406
204,6.401687,1887,-0.566406
205,6.433068,1889,1.433594
206,6.464449,1879,-8.566406
207,6.495829,1887,-0.566406
208,6.527210,1888,0.433594
209,6.558591,1887,-0.566406
210,6.589972,1879,-8.566406
211,6.621353,1890,2.433594
212,6.652734,1891,3.433594
213,6.684114,1887,-0.566406
214,6.715495,1898,10.433594
215,6.746876,1903,15.433594
216,6.778257,1890,2.433594
217,6.809638,1895,7.433594
218,6.841018,1893,5.433594
219,6.872399,1900,12.433594
220,6.903780,1890,2.433594
221,6.935161,1893,5.433594
222,6.966542,1891,3.433594
223,6.997923,1885,-2.566406
224,7.029303,1899,11.433594
225,7.060684,1889,1.433594
226,7.092065,1904,16.433594
227,7.123446,1904,16.433594
228,7.154827,1901,13.433594
229,7.186208,1904,16.433594
230,7.217588,1895,7.433594
231,7.248969,1881,-6.566406
232,7.280350,1890,2.433594
233,7.311731,1901,13.433594
234,7.343112,1882,-5.566406
235,7.374492,1893,5.433594
236,7.405873,1890,2.433594
237,7.437254,1891,3.433594
238,7.468635,1888,0.433594
239,7.500016,1889,1.433594
240,7.531397,1890,2.433594
241,7.562777,1885,-2.566406
242,7.594158,1890,2.433594
243,7.625539,1904,16.433594
244,7.656920,1891,3.433594
245,7.688301,1900,12.433594
246,7.719681,1899,11.433594
247,7.751062,1903,15.433594
248,7.782443,1904,16.433594
249,7.813824,1902,14.433594
250,7.845205,1891,3.433594
251,7.876586,1904,16.433594
252,7.907966,1890,2.433594
253,7.939347,1893,5.433594
254,7.970728,1898,10.433594
255,8.002109,1903,15.433594
256,8.033490,1898,10.433594
257,8.064870,1905,17.433594
258,8.096251,1958,70.433594
259,8.127632,1926,38.433594
260,8.159013,1950,62.433594
261,8.190394,1959,71.433594
262,8.221775,1918,30.433594
263,8.253155,1937,49.433594
264,8.284536,1908,20.433594
265,8.315917,1913,25.433594
266,8.347298,1895,7.433594
267,8.378679,1899,11.433594
268,8.410059,1886,-1.566406
269,8.441440,1891,3.433594
270,8.472821,1898,10.433594
271,8.504202,1889,1.433594
272,8.535583,1883,-4.566406
273,8.566964,1885,-2.566406
274,8.598344,1881,-6.566406
275,8.629725,1877,-10.566406
276,8.661106,1898,10.433594
277,8.692487,1887,-0.566406
278,8.723868,1898,10.433594
279,8.755248,1894,6.433594
280,8.786629,1893,5.433594
281,8.818010,1899,11.433594
282,8.849391,1879,-8.566406
283,8.880772,1883,-4.566406
284,8.912153,1856,-31.566406
285,8.943533,1875,-12.566406
286,8.974914,1888,0.433594
287,9.006295,1878,-9.566406
288,9.037676,1903,15.433594
289,9.069057,1897,9.433594
290,9.100437,1897,9.433594
291,9.131818,1898,10.433594
292,9.163199,1901,13.433594
293,9.194580,1895,7.433594
294,9.225961,1892,4.433594
295,9.257342,1901,13.433594
296,9.288722,1893,5.433594
297,9.320103,1888,0.433594
298,9.351484,1887,-0.566406
299,9.382865,1872,-15.566406
300,9.414246,1879,-8.566406
301,9.445626,1887,-0.566406
302,9.477007,1893,5.433594
303,9.508388,1885,-2.566406
304,9.539769,1887,-0.566406
305,9.571150,1885,-2.566406
306,9.602531,1898,10.433594
307,9.633911,1903,15.433594
308,9.665292,1906,18.433594
309,9.696673,1899,11.433594
310,9.728054,1905,17.433594
311,9.759435,1908,20.433594
312,9.790815,1891,3.433594
313,9.822196,1904,16.433594
314,9.853577,1903,15.433594
315,9.884958,1904,16.433594
316,9.916339,1901,13.433594
317,9.947720,1903,15.433594
318,9.979100,1898,10.433594
319,10.010481,1879,-8.566406
320,10.041862,1910,22.433594
321,10.073243,1905,17.433594
322,10.104624,1906,18.433594
323,10.136004,1908,20.433594
324,10.167385,1897,9.433594
325,10.198766,1902,14.433594
326,10.230147,1902,14.433594
327,10.261528,1895,7.433594
328,10.292909,1905,17.433594
329,10.324289,1903,15.433594
330,10.355670,1903,15.433594
331,10.387051,1897,9.433594
332,10.418432,1899,11.433594
333,10.449813,1903,15.433594
334,10.481193,1887,-0.566406
335,10.512574,1893,5.433594
336,10.543955,1892,4.433594
337,10.575336,1891,3.433594
338,10.606717,1898,10.433594
339,10.638098,1902,14.433594
340,10.669478,1905,17.433594
341,10.700859,1900,12.433594
342,10.732240,1904,16.433594
343,10.763621,1897,9.433594
344,10.795002,1894,6.433594
345,10.826382,1898,10.433594
346,10.857763,1902,14.433594
347,10.889144,1899,11.433594
348,10.920525,1894,6.433594
349,10.951906,1893,5.433594
350,10.983287,1903,15.433594
351,11.014667,1892,4.433594
352,11.046048,1907,19.433594
353,11.077429,1904,16.433594
354,11.108810,1930,42.433594
355,11.140191,1911,23.433594
356,11.171571,1908,20.433594
357,11.202952,1905,17.433594
358,11.234333,1907,19.433594
359,11.265714,1918,30.433594
360,11.297095,1904,16.433594
361,11.328476,1903,15.433594
362,11.359856,1904,16.433594
363,11.391237,1902,14.433594
364,11.422618,1904,16.433594
365,11.453999,1904,16.433594
366,11.485380,1914,26.433594
367,11.516760,1907,19.433594
368,11.548141,1905,17.433594
369,11.579522,1903,15.433594
370,11.610903,1905,17.433594
371,11.642284,1908,20.433594
372,11.673665,1917,29.433594
373,11.705045,1918,30.433594
374,11.736426,1920,32.433594
375,11.767807,1908,20.433594
376,11.799188,1915,27.433594
377,11.830569,1927,39.433594
378,11.861950,1901,13.433594
379,11.893330,1908,20.433594
380,11.924711,1906,18.433594
381,11.956092,1903,15.433594
382,11.987473,1928,40.433594
383,12.018854,1907,19.433594
384,12.050234,1919,31.433594
385,12.081615,1909,21.433594
386,12.112996,1903,15.433594
387,12.144377,1913,25.433594
388,12.175758,1908,20.433594
389,12.207139,1908,20.433594
390,12.238519,1903,15.433594
391,12.269900,1907,19.433594
392,12.301281,1901,13.433594
393,12.332662,1901,13.433594
394,12.364043,1897,9.433594
395,12.395423,1898,10.433594
396,12.426804,1891,3.433594
397,12.458185,1900,12.433594
398,12.489566,1904,16.433594
399,12.520947,1899,11.433594
400,12.552328,1901,13.433594
401,12.583708,1899,11.433594
402,12.615089,1903,15.433594
403,12.646470,1895,7.433594
404,12.677851,1903,15.433594
405,12.709232,1904,16.433594
406,12.740612,1899,11.433594
407,12.771993,1899,11.433594
408,12.803374,1911,23.433594
409,12.834755,1902,14.433594
410,12.866136,1903,15.433594
411,12.897517,1889,1.433594
412,12.928897,1890,2.433594
413,12.960278,1887,-0.566406
414,12.991659,1895,7.433594
415,13.023040,1894,6.433594
416,13.054421,1904,16.433594
417,13.085801,1911,23.433594
418,13.117182,1897,9.433594
419,13.148563,1905,17.433594
420,13.179944,1900,12.433594
421,13.211325,1905,17.433594
422,13.242706,1904,16.433594
423,13.274086,1911,23.433594
424,13.305467,1905,17.433594
425,13.336848,1904,16.433594
426,13.368229,1903,15.433594
427,13.399610,1903,15.433594
428,13.430990,1895,7.433594
429,13.462371,1895,7.433594
430,13.493752,1904,16.433594
431,13.525133,1898,10.433594
432,13.556514,1900,12.433594
433,13.587895,1904,16.433594
434,13.619275,1894,6.433594
435,13.650656,1899,11.433594
436,13.682037,1906,18.433594
437,13.713418,1901,13.433594
438,13.744799,1917,29.433594
439,13.776179,1905,17.433594
440,13.807560,1903,15.433594
441,13.838941,1901,13.433594
442,13.870322,1904,16.433594
443,13.901703,1906,18.433594
444,13.933084,1898,10.433594
445,13.964464,1904,16.433594
446,13.995845,1904,16.433594
447,14.027226,1903,15.433594
448,14.058607,1914,26.433594
449,14.089988,1909,21.433594
450,14.121368,1911,23.433594
451,14.152749,1917,29.433594
452,14.184130,1910,22.433594
453,14.215511,1917,29.433594
454,14.246892,1905,17.433594
455,14.278273,1907,19.433594
456,14.309653,1907,19.433594
457,14.341034,1906,18.433594
458,14.372415,1904,16.433594
459,14.403796,1902,14.433594
460,14.435177,1904,16.433594
461,14.466557,1905,17.433594
462,14.497938,1872,-15.566406
463,14.529319,1897,9.433594
464,14.560700,1895,7.433594
465,14.592081,1899,11.433594
466,14.623462,1904,16.433594
467,14.654842,1895,7.433594
468,14.686223,1906,18.433594
469,14.717604,1898,10.433594
470,14.748985,1904,16.433594
471,14.780366,1904,16.433594
472,14.811746,1879,-8.566406
473,14.843127,1902,14.433594
474,14.874508,1897,9.433594
475,14.905889,1890,2.433594
476,14.937270,1890,2.433594
477,14.968651,1888,0.433594
478,15.000031,1893,5.433594
479,15.031412,1885,-2.566406
480,15.062793,1898,10.433594
481,15.094174,1914,26.433594
482,15.125555,1904,16.433594
483,15.156935,1899,11.433594
484,15.188316,1895,7.433594
485,15.219697,1897,9.433594
486,15.251078,1904,16.433594
487,15.282459,1889,1.433594
488,15.313840,1893,5.433594
489,15.345220,1898,10.433594
490,15.376601,1891,3.433594
491,15.407982,1883,-4.566406
492,15.439363,1890,2.433594
493,15.470744,1901,13.433594
494,15.502124,1884,-3.566406
495,15.533505,1883,-4.566406
496,15.564886,1892,4.433594
497,15.596267,1878,-9.566406
498,15.627648,1888,0.433594
499,15.659029,1890,2.433594
500,15.690409,1895,7.433594
501,15.721790,1896,8.433594
502,15.753171,1890,2.433594
503,15.784552,1891,3.433594
504,15.815933,1898,10.433594
505,15.847313,1889,1.433594
506,15.878694,1891,3.433594
507,15.910075,1888,0.433594
508,15.941456,1887,-0.566406
509,15.972837,1885,-2.566406
510,16.004218,1902,14.433594
511,16.035598,1887,-0.566406
512,16.066979,1897,9.433594
513,16.098360,1899,11.433594
514,16.129741,1952,64.433594
515,16.161122,1924,36.433594
516,16.192502,1945,57.433594
517,16.223883,1948,60.433594
518,16.255264,1919,31.433594
519,16.286645,1931,43.433594
520,16.318026,1904,16.433594
521,16.349407,1907,19.433594
522,16.380787,1892,4.433594
523,16.412168,1889,1.433594
524,16.443549,1874,-13.566406
525,16.474930,1881,-6.566406
526,16.506311,1878,-9.566406
527,16.537692,1875,-12.566406
528,16.569072,1856,-31.566406
529,16.600453,1872,-15.566406
530,16.631834,1873,-14.566406
531,16.663215,1872,-15.566406
532,16.694596,1885,-2.566406
533,16.725976,1881,-6.566406
534,16.757357,1874,-13.566406
535,16.788738,1885,-2.566406
536,16.820119,1872,-15.566406
537,16.851500,1872,-15.566406
538,16.882881,1870,-17.566406
539,16.914261,1866,-21.566406
540,16.945642,1858,-29.566406
541,16.977023,1872,-15.566406
542,17.008404,1884,-3.566406
543,17.039785,1874,-13.566406
544,17.071165,1893,5.433594
545,17.102546,1888,0.433594
546,17.133927,1892,4.433594
547,17.165308,1893,5.433594
548,17.196689,1888,0.433594
549,17.228070,1899,11.433594
550,17.259450,1882,-5.566406
551,17.290831,1887,-0.566406
552,17.322212,1874,-13.566406
553,17.353593,1878,-9.566406
554,17.384974,1883,-4.566406
555,17.416354,1879,-8.566406
556,17.447735,1883,-4.566406
557,17.479116,1882,-5.566406
558,17.510497,1881,-6.566406
559,17.541878,1883,-4.566406
560,17.573259,1882,-5.566406
561,17.604639,1889,1.433594
562,17.636020,1887,-0.566406
563,17.667401,1885,-2.566406
564,17.698782,1901,13.433594
565,17.730163,1900,12.433594
566,17.761543,1883,-4.566406
567,17.792924,1890,2.433594
568,17.824305,1872,-15.566406
569,17.855686,1877,-10.566406
570,17.887067,1877,-10.566406
571,17.918448,1875,-12.566406
572,17.949828,1874,-13.566406
573,17.981209,1877,-10.566406
574,18.012590,1890,2.433594
575,18.043971,1879,-8.566406
576,18.075352,1887,-0.566406
577,18.106732,1899,11.433594
578,18.138113,1885,-2.566406
579,18.169494,1888,0.433594
580,18.200875,1901,13.433594
581,18.232256,1885,-2.566406
582,18.263637,1872,-15.566406
583,18.295017,1881,-6.566406
584,18.326398,1882,-5.566406
585,18.357779,1877,-10.566406
586,18.389160,1872,-15.566406
587,18.420541,1877,-10.566406
588,18.451921,1873,-14.566406
589,18.483302,1872,-15.566406
590,18.514683,1867,-20.566406
591,18.546064,1875,-12.566406
592,18.577445,1878,-9.566406
593,18.608826,1872,-15.566406
594,18.640206,1878,-9.566406
595,18.671587,1875,-12.566406
596,18.702968,1885,-2.566406
597,18.734349,1889,1.433594
598,18.765730,1881,-6.566406
599,18.797110,1885,-2.566406
600,18.828491,1879,-8.566406
601,18.859872,1890,2.433594
602,18.891253,1873,-14.566406
603,18.922634,1866,-21.566406
604,18.954015,1878,-9.566406
605,18.985395,1879,-8.566406
606,19.016776,1886,-1.566406
607,19.048157,1882,-5.566406
608,19.079538,1889,1.433594
609,19.110919,1888,0.433594
610,19.142299,1895,7.433594
611,19.173680,1891,3.433594
612,19.205061,1890,2.433594
613,19.236442,1889,1.433594
614,19.267823,1876,-11.566406
615,19.299204,1881,-6.566406
616,19.330584,1879,-8.566406
617,19.361965,1875,-12.566406
618,19.393346,1878,-9.566406
619,19.424727,1887,-0.566406
620,19.456108,1883,-4.566406
621,19.487488,1879,-8.566406
622,19.518869,1878,-9.566406
623,19.550250,1887,-0.566406
624,19.581631,1879,-8.566406
625,19.613012,1873,-14.566406
626,19.644393,1872,-15.566406
627,19.675773,1872,-15.566406
628,19.707154,1874,-13.566406
629,19.738535,1873,-14.566406
630,19.769916,1868,-19.566406
631,19.801297,1872,-15.566406
632,19.832677,1869,-18.566406
633,19.864058,1863,-24.566406
634,19.895439,1872,-15.566406
635,19.926820,1873,-14.566406
636,19.958201,1867,-20.566406
637,19.989582,1870,-17.566406
638,20.020962,1886,-1.566406
639,20.052343,1872,-15.566406
640,20.083724,1881,-6.566406
641,20.115105,1890,2.433594
642,20.146486,1877,-10.566406
643,20.177866,1882,-5.566406
644,20.209247,1874,-13.566406
645,20.240628,1878,-9.566406
646,20.272009,1876,-11.566406
647,20.303390,1875,-12.566406
648,20.334771,1872,-15.566406
649,20.366151,1873,-14.566406
650,20.397532,1871,-16.566406
651,20.428913,1866,-21.566406
652,20.460294,1876,-11.566406
653,20.491675,1875,-12.566406
654,20.523055,1877,-10.566406
655,20.554436,1871,-16.566406
656,20.585817,1874,-13.566406
657,20.617198,1874,-13.566406
658,20.648579,1882,-5.566406
659,20.679960,1872,-15.566406
660,20.711340,1889,1.433594
661,20.742721,1895,7.433594
662,20.774102,1877,-10.566406
663,20.805483,1885,-2.566406
664,20.836864,1879,-8.566406
665,20.868244,1888,0.433594
666,20.899625,1884,-3.566406
667,20.931006,1884,-3.566406
668,20.962387,1874,-13.566406
669,20.993768,1875,-12.566406
670,21.025149,1905,17.433594
671,21.056529,1885,-2.566406
672,21.087910,1887,-0.566406
673,21.119291,1907,19.433594
674,21.150672,1879,-8.566406
675,21.182053,1879,-8.566406
676,21.213434,1877,-10.566406
677,21.244814,1873,-14.566406
678,21.276195,1873,-14.566406
679,21.307576,1875,-12.566406
680,21.338957,1873,-14.566406
681,21.370338,1876,-11.566406
682,21.401718,1873,-14.566406
683,21.433099,1871,-16.566406
684,21.464480,1878,-9.566406
685,21.495861,1864,-23.566406
686,21.527242,1881,-6.566406
687,21.558623,1879,-8.566406
688,21.590003,1890,2.433594
689,21.621384,1877,-10.566406
690,21.652765,1877,-10.566406
691,21.684146,1882,-5.566406
692,21.715527,1883,-4.566406
693,21.746907,1890,2.433594
694,21.778288,1882,-5.566406
695,21.809669,1883,-4.566406
696,21.841050,1882,-5.566406
697,21.872431,1881,-6.566406
698,21.903812,1872,-15.566406
699,21.935192,1872,-15.566406
700,21.966573,1875,-12.566406
701,21.997954,1893,5.433594
702,22.029335,1890,2.433594
703,22.060716,1877,-10.566406
704,22.092096,1895,7.433594
705,22.123477,1893,5.433594
706,22.154858,1888,0.433594
707,22.186239,1895,7.433594
708,22.217620,1891,3.433594
709,22.249001,1885,-2.566406
710,22.280381,1891,3.433594
711,22.311762,1894,6.433594
712,22.343143,1883,-4.566406
713,22.374524,1881,-6.566406
714,22.405905,1883,-4.566406
715,22.437285,1875,-12.566406
716,22.468666,1879,-8.566406
717,22.500047,1878,-9.566406
718,22.531428,1876,-11.566406
719,22.562809,1888,0.433594
720,22.594190,1873,-14.566406
721,22.625570,1886,-1.566406
722,22.656951,1893,5.433594
723,22.688332,1882,-5.566406
724,22.719713,1883,-4.566406
725,22.751094,1903,15.433594
726,22.782474,1893,5.433594
727,22.813855,1899,11.433594
728,22.845236,1895,7.433594
729,22.876617,1904,16.433594
730,22.907998,1885,-2.566406
731,22.939379,1894,6.433594
732,22.970759,1881,-6.566406
733,23.002140,1883,-4.566406
734,23.033521,1918,30.433594
735,23.064902,1884,-3.566406
736,23.096283,1903,15.433594
737,23.127663,1901,13.433594
738,23.159044,1893,5.433594
739,23.190425,1902,14.433594
740,23.221806,1897,9.433594
741,23.253187,1889,1.433594
742,23.284568,1891,3.433594
743,23.315948,1898,10.433594
744,23.347329,1889,1.433594
745,23.378710,1886,-1.566406
746,23.410091,1883,-4.566406
747,23.441472,1893,5.433594
748,23.472852,1888,0.433594
749,23.504233,1887,-0.566406
750,23.535614,1889,1.433594
751,23.566995,1882,-5.566406
752,23.598376,1885,-2.566406
753,23.629757,1891,3.433594
754,23.661137,1878,-9.566406
755,23.692518,1885,-2.566406
756,23.723899,1901,13.433594
757,23.755280,1895,7.433594
758,23.786661,1883,-4.566406
759,23.818041,1893,5.433594
760,23.849422,1891,3.433594
761,23.880803,1890,2.433594
762,23.912184,1882,-5.566406
763,23.943565,1887,-0.566406
764,23.974946,1891,3.433594
765,24.006326,1890,2.433594
766,24.037707,1893,5.433594
767,24.069088,1902,14.433594
768,24.100469,1872,-15.566406
769,24.131850,1891,3.433594
770,24.163230,1939,51.433594
771,24.194611,1905,17.433594
772,24.225992,1938,50.433594
773,24.257373,1948,60.433594
774,24.288754,1907,19.433594
775,24.320135,1920,32.433594
776,24.351515,1898,10.433594
777,24.382896,1905,17.433594
778,24.414277,1883,-4.566406
779,24.445658,1894,6.433594
780,24.477039,1873,-14.566406
781,24.508419,1883,-4.566406
782,24.539800,1887,-0.566406
783,24.571181,1883,-4.566406
784,24.602562,1875,-12.566406
785,24.633943,1879,-8.566406
786,24.665324,1893,5.433594
787,24.696704,1882,-5.566406
788,24.728085,1899,11.433594
789,24.759466,1919,31.433594
790,24.790847,1900,12.433594
791,24.822228,1899,11.433594
792,24.853608,1885,-2.566406
793,24.884989,1888,0.433594
794,24.916370,1877,-10.566406
795,24.947751,1879,-8.566406
796,24.979132,1859,-28.566406
797,25.010513,1872,-15.566406
798,25.041893,1900,12.433594
799,25.073274,1889,1.433594
800,25.104655,1904,16.433594
801,25.136036,1895,7.433594
802,25.167417,1891,3.433594
803,25.198797,1890,2.433594
804,25.230178,1895,7.433594
805,25.261559,1895,7.433594
806,25.292940,1889,1.433594
807,25.324321,1895,7.433594
808,25.355702,1891,3.433594
809,25.387082,1899,11.433594
810,25.418463,1888,0.433594
811,25.449844,1893,5.433594
812,25.481225,1882,-5.566406
813,25.512606,1880,-7.566406
814,25.543986,1890,2.433594
815,25.575367,1887,-0.566406
816,25.606748,1889,1.433594
817,25.638129,1889,1.433594
818,25.669510,1904,16.433594
819,25.700891,1893,5.433594
820,25.732271,1898,10.433594
821,25.763652,1901,13.433594
822,25.795033,1891,3.433594
823,25.826414,1879,-8.566406
824,25.857795,1890,2.433594
825,25.889176,1890,2.433594
826,25.920556,1881,-6.566406
827,25.951937,1882,-5.566406
828,25.983318,1885,-2.566406
829,26.014699,1899,11.433594
830,26.046080,1901,13.433594
831,26.077460,1900,12.433594
832,26.108841,1895,7.433594
833,26.140222,1904,16.433594
834,26.171603,1890,2.433594
835,26.202984,1911,23.433594
836,26.234365,1894,6.433594
837,26.265745,1888,0.433594
838,26.297126,1902,14.433594
839,26.328507,1898,10.433594
840,26.359888,1903,15.433594
841,26.391269,1902,14.433594
842,26.422649,1905,17.433594
843,26.454030,1903,15.433594
844,26.485411,1895,7.433594
845,26.516792,1904,16.433594
846,26.548173,1909,21.433594
847,26.579554,1904,16.433594
848,26.610934,1907,19.433594
849,26.642315,1904,16.433594
850,26.673696,1904,16.433594
851,26.705077,1901,13.433594
852,26.736458,1904,16.433594
853,26.767838,1903,15.433594
854,26.799219,1894,6.433594
855,26.830600,1897,9.433594
856,26.861981,1899,11.433594
857,26.893362,1889,1.433594
858,26.924743,1894,6.433594
859,26.956123,1900,12.433594
860,26.987504,1895,7.433594
861,27.018885,1899,11.433594
862,27.050266,1911,23.433594
863,27.081647,1901,13.433594
864,27.113027,1901,13.433594
865,27.144408,1911,23.433594
866,27.175789,1904,16.433594
867,27.207170,1904,16.433594
868,27.238551,1895,7.433594
869,27.269932,1893,5.433594
870,27.301312,1884,-3.566406
871,27.332693,1891,3.433594
872,27.364074,1887,-0.566406
873,27.395455,1885,-2.566406
874,27.426836,1881,-6.566406
875,27.458216,1885,-2.566406
876,27.489597,1886,-1.566406
877,27.520978,1873,-14.566406
878,27.552359,1889,1.433594
879,27.583740,1889,1.433594
880,27.615121,1888,0.433594
881,27.646501,1887,-0.566406
882,27.677882,1895,7.433594
883,27.709263,1885,-2.566406
884,27.740644,1899,11.433594
885,27.772025,1898,10.433594
886,27.803405,1894,6.433594
887,27.834786,1893,5.433594
888,27.866167,1889,1.433594
889,27.897548,1890,2.433594
890,27.928929,1897,9.433594
891,27.960310,1894,6.433594
892,27.991690,1903,15.433594
893,28.023071,1892,4.433594
894,28.054452,1909,21.433594
895,28.085833,1903,15.433594
896,28.117214,1904,16.433594
897,28.148594,1911,23.433594
898,28.179975,1894,6.433594
899,28.211356,1898,10.433594
900,28.242737,1892,4.433594
901,28.274118,1902,14.433594
902,28.305499,1897,9.433594
903,28.336879,1890,2.433594
904,28.368260,1883,-4.566406
905,28.399641,1895,7.433594
906,28.431022,1882,-5.566406
907,28.462403,1889,1.433594
908,28.493783,1895,7.433594
909,28.525164,1887,-0.566406
910,28.556545,1888,0.433594
911,28.587926,1889,1.433594
912,28.619307,1895,7.433594
913,28.650688,1893,5.433594
914,28.682068,1895,7.433594
915,28.713449,1887,-0.566406
916,28.744830,1894,6.433594
917,28.776211,1894,6.433594
918,28.807592,1890,2.433594
919,28.838972,1903,15.433594
920,28.870353,1894,6.433594
921,28.901734,1893,5.433594
922,28.933115,1901,13.433594
923,28.964496,1891,3.433594
924,28.995877,1892,4.433594
925,29.027257,1889,1.433594
926,29.058638,1900,12.433594
927,29.090019,1897,9.433594
928,29.121400,1905,17.433594
929,29.152781,1905,17.433594
930,29.184161,1907,19.433594
931,29.215542,1905,17.433594
932,29.246923,1902,14.433594
933,29.278304,1897,9.433594
934,29.309685,1899,11.433594
935,29.341066,1893,5.433594
936,29.372446,1885,-2.566406
937,29.403827,1894,6.433594
938,29.435208,1889,1.433594
939,29.466589,1901,13.433594
940,29.497970,1904,16.433594
941,29.529350,1889,1.433594
942,29.560731,1891,3.433594
943,29.592112,1888,0.433594
944,29.623493,1893,5.433594
945,29.654874,1888,0.433594
946,29.686255,1898,10.433594
947,29.717635,1890,2.433594
948,29.749016,1895,7.433594
949,29.780397,1894,6.433594
950,29.811778,1903,15.433594
951,29.843159,1898,10.433594
952,29.874539,1890,2.433594
953,29.905920,1894,6.433594
954,29.937301,1883,-4.566406
955,29.968682,1891,3.433594
956,30.000063,1894,6.433594
957,30.031444,1889,1.433594
958,30.062824,1899,11.433594
959,30.094205,1898,10.433594
960,30.125586,1883,-4.566406
961,30.156967,1890,2.433594
962,30.188348,1887,-0.566406
963,30.219728,1891,3.433594
964,30.251109,1865,-22.566406
965,30.282490,1883,-4.566406
966,30.313871,1890,2.433594
967,30.345252,1891,3.433594
968,30.376633,1885,-2.566406
969,30.408013,1885,-2.566406
970,30.439394,1894,6.433594
971,30.470775,1882,-5.566406
972,30.502156,1888,0.433594
973,30.533537,1891,3.433594
974,30.564917,1884,-3.566406
975,30.596298,1889,1.433594
976,30.627679,1895,7.433594
977,30.659060,1887,-0.566406
978,30.690441,1894,6.433594
979,30.721822,1885,-2.566406
980,30.753202,1901,13.433594
981,30.784583,1897,9.433594
982,30.815964,1895,7.433594
983,30.847345,1895,7.433594
984,30.878726,1894,6.433594
985,30.910107,1893,5.433594
986,30.941487,1877,-10.566406
987,30.972868,1894,6.433594
988,31.004249,1903,15.433594
989,31.035630,1888,0.433594
990,31.067011,1904,16.433594
991,31.098391,1905,17.433594
992,31.129772,1909,21.433594
993,31.161153,1901,13.433594
994,31.192534,1895,7.433594
995,31.223915,1895,7.433594
996,31.255296,1907,19.433594
997,31.286676,1898,10.433594
998,31.318057,1886,-1.566406
999,31.349438,1883,-4.566406
1000,31.380819,1886,-1.566406
1001,31.412200,1887,-0.566406
1002,31.443580,1891,3.433594
1003,31.474961,1886,-1.566406
1004,31.506342,1882,-5.566406
1005,31.537723,1885,-2.566406
1006,31.569104,1885,-2.566406
1007,31.600485,1883,-4.566406
1008,31.631865,1885,-2.566406
1009,31.663246,1886,-1.566406
1010,31.694627,1886,-1.566406
1011,31.726008,1890,2.433594
1012,31.757389,1893,5.433594
1013,31.788769,1888,0.433594
1014,31.820150,1882,-5.566406
1015,31.851531,1885,-2.566406
1016,31.882912,1875,-12.566406
1017,31.914293,1872,-15.566406
1018,31.945674,1885,-2.566406
1019,31.977054,1881,-6.566406
1020,32.008435,1899,11.433594
1021,32.039816,1884,-3.566406
1022,32.071197,1894,6.433594
1023,32.102578,1891,3.433594
1024,32.133958,1883,-4.566406
1025,32.165339,1891,3.433594
1026,32.196720,1943,55.433594
1027,32.228101,1915,27.433594
1028,32.259482,1943,55.433594
1029,32.290863,1947,59.433594
1030,32.322243,1906,18.433594
1031,32.353624,1920,32.433594
1032,32.385005,1895,7.433594
1033,32.416386,1896,8.433594
1034,32.447767,1872,-15.566406
1035,32.479147,1894,6.433594
1036,32.510528,1883,-4.566406
1037,32.541909,1881,-6.566406
1038,32.573290,1883,-4.566406
1039,32.604671,1874,-13.566406
1040,32.636052,1877,-10.566406
1041,32.667432,1889,1.433594
1042,32.698813,1895,7.433594
1043,32.730194,1886,-1.566406
1044,32.761575,1884,-3.566406
1045,32.792956,1888,0.433594
1046,32.824336,1892,4.433594
1047,32.855717,1887,-0.566406
1048,32.887098,1872,-15.566406
1049,32.918479,1879,-8.566406
1050,32.949860,1869,-18.566406
1051,32.981241,1871,-16.566406
1052,33.012621,1881,-6.566406
1053,33.044002,1877,-10.566406
1054,33.075383,1886,-1.566406
1055,33.106764,1888,0.433594
1056,33.138145,1886,-1.566406
1057,33.169525,1883,-4.566406
1058,33.200906,1888,0.433594
1059,33.232287,1882,-5.566406
1060,33.263668,1874,-13.566406
1061,33.295049,1880,-7.566406
1062,33.326430,1876,-11.566406
1063,33.357810,1873,-14.566406
1064,33.389191,1874,-13.566406
1065,33.420572,1872,-15.566406
1066,33.451953,1870,-17.566406
1067,33.483334,1869,-18.566406
1068,33.514714,1869,-18.566406
1069,33.546095,1872,-15.566406
1070,33.577476,1875,-12.566406
1071,33.608857,1872,-15.566406
1072,33.640238,1873,-14.566406
1073,33.671619,1879,-8.566406
1074,33.702999,1890,2.433594
1075,33.734380,1886,-1.566406
1076,33.765761,1886,-1.566406
1077,33.797142,1886,-1.566406
1078,33.828523,1874,-13.566406
1079,33.859903,1882,-5.566406
1080,33.891284,1865,-22.566406
1081,33.922665,1882,-5.566406
1082,33.954046,1857,-30.566406
1083,33.985427,1865,-22.566406
1084,34.016808,1874,-13.566406
1085,34.048188,1871,-16.566406
1086,34.079569,1877,-10.566406
1087,34.110950,1875,-12.566406
1088,34.142331,1872,-15.566406
1089,34.173712,1872,-15.566406
1090,34.205092,1882,-5.566406
1091,34.236473,1873,-14.566406
1092,34.267854,1876,-11.566406
1093,34.299235,1878,-9.566406
1094,34.330616,1877,-10.566406
1095,34.361997,1873,-14.566406
1096,34.393377,1882,-5.566406
1097,34.424758,1885,-2.566406
1098,34.456139,1875,-12.566406
1099,34.487520,1876,-11.566406
1100,34.518901,1883,-4.566406
1101,34.550281,1873,-14.566406
1102,34.581662,1884,-3.566406
1103,34.613043,1872,-15.566406
1104,34.644424,1872,-15.566406
1105,34.675805,1872,-15.566406
1106,34.707186,1887,-0.566406
1107,34.738566,1879,-8.566406
1108,34.769947,1872,-15.566406
1109,34.801328,1885,-2.566406
1110,34.832709,1882,-5.566406
1111,34.864090,1883,-4.566406
1112,34.895470,1878,-9.566406
1113,34.926851,1875,-12.566406
1114,34.958232,1874,-13.566406
1115,34.989613,1897,9.433594
1116,35.020994,1891,3.433594
1117,35.052375,1885,-2.566406
1118,35.083755,1890,2.433594
1119,35.115136,1899,11.433594
1120,35.146517,1887,-0.566406
1121,35.177898,1890,2.433594
1122,35.209279,1881,-6.566406
1123,35.240659,1886,-1.566406
1124,35.272040,1878,-9.566406
1125,35.303421,1882,-5.566406
1126,35.334802,1873,-14.566406
1127,35.366183,1882,-5.566406
1128,35.397564,1872,-15.566406
1129,35.428944,1874,-13.566406
1130,35.460325,1886,-1.566406
1131,35.491706,1872,-15.566406
1132,35.523087,1877,-10.566406
1133,35.554468,1872,-15.566406
1134,35.585849,1877,-10.566406
1135,35.617229,1873,-14.566406
1136,35.648610,1862,-25.566406
1137,35.679991,1890,2.433594
1138,35.711372,1888,0.433594
1139,35.742753,1885,-2.566406
1140,35.774133,1883,-4.566406
1141,35.805514,1878,-9.566406
1142,35.836895,1878,-9.566406
1143,35.868276,1879,-8.566406
1144,35.899657,1871,-16.566406
1145,35.931038,1876,-11.566406
1146,35.962418,1873,-14.566406
1147,35.993799,1875,-12.566406
1148,36.025180,1889,1.433594
1149,36.056561,1884,-3.566406
1150,36.087942,1890,2.433594
1151,36.119322,1878,-9.566406
1152,36.150703,1877,-10.566406
1153,36.182084,1889,1.433594
1154,36.213465,1883,-4.566406
1155,36.244846,1881,-6.566406
1156,36.276227,1875,-12.566406
1157,36.307607,1883,-4.566406
1158,36.338988,1876,-11.566406
1159,36.370369,1872,-15.566406
1160,36.401750,1872,-15.566406
1161,36.433131,1858,-29.566406
1162,36.464511,1872,-15.566406
1163,36.495892,1874,-13.566406
1164,36.527273,1879,-8.566406
1165,36.558654,1875,-12.566406
1166,36.590035,1885,-2.566406
1167,36.621416,1882,-5.566406
1168,36.652796,1878,-9.566406
1169,36.684177,1886,-1.566406
1170,36.715558,1889,1.433594
1171,36.746939,1893,5.433594
1172,36.778320,1876,-11.566406
1173,36.809700,1887,-0.566406
1174,36.841081,1879,-8.566406
1175,36.872462,1874,-13.566406
1176,36.903843,1879,-8.566406
1177,36.935224,1881,-6.566406
1178,36.966605,1872,-15.566406
1179,36.997985,1842,-45.566406
1180,37.029366,1886,-1.566406
1181,37.060747,1885,-2.566406
1182,37.092128,1879,-8.566406
1183,37.123509,1895,7.433594
1184,37.154889,1879,-8.566406
1185,37.186270,1893,5.433594
1186,37.217651,1891,3.433594
1187,37.249032,1881,-6.566406
1188,37.280413,1877,-10.566406
1189,37.311794,1881,-6.566406
1190,37.343174,1869,-18.566406
1191,37.374555,1882,-5.566406
1192,37.405936,1879,-8.566406
1193,37.437317,1883,-4.566406
1194,37.468698,1881,-6.566406
1195,37.500078,1878,-9.566406
1196,37.531459,1877,-10.566406
1197,37.562840,1886,-1.566406
1198,37.594221,1887,-0.566406
1199,37.625602,1879,-8.566406
1200,37.656983,1877,-10.566406
1201,37.688363,1883,-4.566406
1202,37.719744,1895,7.433594
1203,37.751125,1891,3.433594
1204,37.782506,1893,5.433594
1205,37.813887,1898,10.433594
1206,37.845267,1894,6.433594
1207,37.876648,1889,1.433594
1208,37.908029,1885,-2.566406
1209,37.939410,1890,2.433594
1210,37.970791,1879,-8.566406
1211,38.002172,1910,22.433594
1212,38.033552,1895,7.433594
1213,38.064933,1889,1.433594
1214,38.096314,1894,6.433594
1215,38.127695,1893,5.433594
1216,38.159076,1894,6.433594
1217,38.190456,1887,-0.566406
1218,38.221837,1884,-3.566406
1219,38.253218,1885,-2.566406
1220,38.284599,1873,-14.566406
1221,38.315980,1880,-7.566406
1222,38.347361,1879,-8.566406
1223,38.378741,1881,-6.566406
1224,38.410122,1873,-14.566406
1225,38.441503,1872,-15.566406
1226,38.472884,1876,-11.566406
1227,38.504265,1872,-15.566406
1228,38.535645,1882,-5.566406
1229,38.567026,1869,-18.566406
1230,38.598407,1882,-5.566406
1231,38.629788,1873,-14.566406
1232,38.661169,1878,-9.566406
1233,38.692550,1877,-10.566406
1234,38.723930,1881,-6.566406
1235,38.755311,1883,-4.566406
1236,38.786692,1883,-4.566406
1237,38.818073,1887,-0.566406
1238,38.849454,1878,-9.566406
1239,38.880834,1875,-12.566406
1240,38.912215,1873,-14.566406
1241,38.943596,1873,-14.566406
1242,38.974977,1872,-15.566406
1243,39.006358,1872,-15.566406
1244,39.037739,1891,3.433594
1245,39.069119,1881,-6.566406
1246,39.100500,1891,3.433594
1247,39.131881,1893,5.433594
1248,39.163262,1892,4.433594
1249,39.194643,1890,2.433594
1250,39.226023,1881,-6.566406
1251,39.257404,1885,-2.566406
1252,39.288785,1873,-14.566406
1253,39.320166,1881,-6.566406
1254,39.351547,1862,-25.566406
1255,39.382928,1879,-8.566406
1256,39.414308,1877,-10.566406
1257,39.445689,1873,-14.566406
1258,39.477070,1867,-20.566406
1259,39.508451,1878,-9.566406
1260,39.539832,1878,-9.566406
1261,39.571212,1887,-0.566406
1262,39.602593,1885,-2.566406
1263,39.633974,1872,-15.566406
1264,39.665355,1888,0.433594
1265,39.696736,1890,2.433594
1266,39.728117,1893,5.433594
1267,39.759497,1902,14.433594
1268,39.790878,1895,7.433594
1269,39.822259,1899,11.433594
1270,39.853640,1920,32.433594
1271,39.885021,1889,1.433594
1272,39.916401,1893,5.433594
1273,39.947782,1888,0.433594
1274,39.979163,1888,0.433594
1275,40.010544,1879,-8.566406
1276,40.041925,1895,7.433594
1277,40.073306,1907,19.433594
1278,40.104686,1887,-0.566406
1279,40.136067,1893,5.433594
1280,40.167448,1889,1.433594
1281,40.198829,1882,-5.566406
1282,40.230210,1936,48.433594
1283,40.261591,1906,18.433594
1284,40.292971,1934,46.433594
1285,40.324352,1930,42.433594
1286,40.355733,1904,16.433594
1287,40.387114,1917,29.433594
1288,40.418495,1875,-12.566406
1289,40.449875,1894,6.433594
1290,40.481256,1872,-15.566406
1291,40.512637,1886,-1.566406
1292,40.544018,1873,-14.566406
1293,40.575399,1870,-17.566406
1294,40.606780,1874,-13.566406
1295,40.638160,1872,-15.566406
1296,40.669541,1875,-12.566406
1297,40.700922,1872,-15.566406
1298,40.732303,1874,-13.566406
1299,40.763684,1857,-30.566406
1300,40.795064,1889,1.433594
1301,40.826445,1883,-4.566406
1302,40.857826,1887,-0.566406
1303,40.889207,1889,1.433594
1304,40.920588,1876,-11.566406
1305,40.951969,1878,-9.566406
1306,40.983349,1873,-14.566406
1307,41.014730,1874,-13.566406
1308,41.046111,1882,-5.566406
1309,41.077492,1882,-5.566406
1310,41.108873,1885,-2.566406
1311,41.140253,1878,-9.566406
1312,41.171634,1883,-4.566406
1313,41.203015,1882,-5.566406
1314,41.234396,1890,2.433594
1315,41.265777,1890,2.433594
1316,41.297158,1878,-9.566406
1317,41.328538,1887,-0.566406
1318,41.359919,1886,-1.566406
1319,41.391300,1888,0.433594
1320,41.422681,1891,3.433594
1321,41.454062,1879,-8.566406
1322,41.485442,1881,-6.566406
1323,41.516823,1879,-8.566406
1324,41.548204,1881,-6.566406
1325,41.579585,1883,-4.566406
1326,41.610966,1885,-2.566406
1327,41.642347,1903,15.433594
1328,41.673727,1895,7.433594
1329,41.705108,1877,-10.566406
1330,41.736489,1889,1.433594
1331,41.767870,1889,1.433594
1332,41.799251,1883,-4.566406
1333,41.830631,1891,3.433594
1334,41.862012,1889,1.433594
1335,41.893393,1882,-5.566406
1336,41.924774,1877,-10.566406
1337,41.956155,1882,-5.566406
1338,41.987536,1874,-13.566406
1339,42.018916,1872,-15.566406
1340,42.050297,1887,-0.566406
1341,42.081678,1886,-1.566406
1342,42.113059,1887,-0.566406
1343,42.144440,1891,3.433594
1344,42.175820,1886,-1.566406
1345,42.207201,1886,-1.566406
1346,42.238582,1882,-5.566406
1347,42.269963,1866,-21.566406
1348,42.301344,1889,1.433594
1349,42.332725,1877,-10.566406
1350,42.364105,1874,-13.566406
1351,42.395486,1872,-15.566406
1352,42.426867,1874,-13.566406
1353,42.458248,1881,-6.566406
1354,42.489629,1879,-8.566406
1355,42.521009,1895,7.433594
1356,42.552390,1885,-2.566406
1357,42.583771,1878,-9.566406
1358,42.615152,1885,-2.566406
1359,42.646533,1887,-0.566406
1360,42.677914,1893,5.433594
1361,42.709294,1891,3.433594
1362,42.740675,1902,14.433594
1363,42.772056,1896,8.433594
1364,42.803437,1901,13.433594
1365,42.834818,1901,13.433594
1366,42.866198,1902,14.433594
1367,42.897579,1898,10.433594
1368,42.928960,1890,2.433594
1369,42.960341,1887,-0.566406
1370,42.991722,1895,7.433594
1371,43.023103,1895,7.433594
1372,43.054483,1907,19.433594
1373,43.085864,1911,23.433594
1374,43.117245,1907,19.433594
1375,43.148626,1905,17.433594
1376,43.180007,1904,16.433594
1377,43.211387,1895,7.433594
1378,43.242768,1903,15.433594
1379,43.274149,1899,11.433594
1380,43.305530,1895,7.433594
1381,43.336911,1898,10.433594
1382,43.368292,1885,-2.566406
1383,43.399672,1904,16.433594
1384,43.431053,1883,-4.566406
1385,43.462434,1883,-4.566406
1386,43.493815,1891,3.433594
1387,43.525196,1875,-12.566406
1388,43.556576,1892,4.433594
1389,43.587957,1890,2.433594
1390,43.619338,1898,10.433594
1391,43.650719,1887,-0.566406
1392,43.682100,1894,6.433594
1393,43.713481,1888,0.433594
1394,43.744861,1894,6.433594
1395,43.776242,1901,13.433594
1396,43.807623,1897,9.433594
1397,43.839004,1905,17.433594
1398,43.870385,1899,11.433594
1399,43.901765,1894,6.433594
1400,43.933146,1876,-11.566406
1401,43.964527,1905,17.433594
1402,43.995908,1891,3.433594
1403,44.027289,1898,10.433594
1404,44.058670,1910,22.433594
1405,44.090050,1903,15.433594
1406,44.121431,1904,16.433594
1407,44.152812,1904,16.433594
1408,44.184193,1904,16.433594
1409,44.215574,1902,14.433594
1410,44.246954,1898,10.433594
1411,44.278335,1904,16.433594
1412,44.309716,1904,16.433594
1413,44.341097,1898,10.433594
1414,44.372478,1902,14.433594
1415,44.403859,1897,9.433594
1416,44.435239,1889,1.433594
1417,44.466620,1891,3.433594
1418,44.498001,1883,-4.566406
1419,44.529382,1889,1.433594
1420,44.560763,1898,10.433594
1421,44.592143,1889,1.433594
1422,44.623524,1889,1.433594
1423,44.654905,1894,6.433594
1424,44.686286,1903,15.433594
1425,44.717667,1897,9.433594
1426,44.749048,1904,16.433594
1427,44.780428,1893,5.433594
1428,44.811809,1903,15.433594
1429,44.843190,1903,15.433594
1430,44.874571,1899,11.433594
1431,44.905952,1904,16.433594
1432,44.937333,1910,22.433594
1433,44.968713,1895,7.433594
1434,45.000094,1900,12.433594
1435,45.031475,1899,11.433594
1436,45.062856,1911,23.433594
1437,45.094237,1909,21.433594
1438,45.125617,1904,16.433594
1439,45.156998,1915,27.433594
1440,45.188379,1902,14.433594
1441,45.219760,1904,16.433594
1442,45.251141,1914,26.433594
1443,45.282522,1904,16.433594
1444,45.313902,1904,16.433594
1445,45.345283,1903,15.433594
1446,45.376664,1899,11.433594
1447,45.408045,1904,16.433594
1448,45.439426,1889,1.433594
1449,45.470806,1897,9.433594
1450,45.502187,1890,2.433594
1451,45.533568,1906,18.433594
1452,45.564949,1889,1.433594
1453,45.596330,1886,-1.566406
1454,45.627711,1889,1.433594
1455,45.659091,1891,3.433594
1456,45.690472,1910,22.433594
1457,45.721853,1887,-0.566406
1458,45.753234,1891,3.433594
1459,45.784615,1901,13.433594
1460,45.815995,1893,5.433594
1461,45.847376,1899,11.433594
1462,45.878757,1893,5.433594
1463,45.910138,1887,-0.566406
1464,45.941519,1890,2.433594
1465,45.972900,1891,3.433594
1466,46.004280,1895,7.433594
1467,46.035661,1898,10.433594
1468,46.067042,1909,21.433594
1469,46.098423,1907,19.433594
1470,46.129804,1891,3.433594
1471,46.161184,1915,27.433594
1472,46.192565,1903,15.433594
1473,46.223946,1902,14.433594
1474,46.255327,1897,9.433594
1475,46.286708,1898,10.433594
1476,46.318089,1898,10.433594
1477,46.349469,1892,4.433594
1478,46.380850,1891,3.433594
1479,46.412231,1891,3.433594
1480,46.443612,1893,5.433594
1481,46.474993,1892,4.433594
1482,46.506373,1896,8.433594
1483,46.537754,1890,2.433594
1484,46.569135,1886,-1.566406
1485,46.600516,1885,-2.566406
1486,46.631897,1897,9.433594
1487,46.663278,1891,3.433594
1488,46.694658,1899,11.433594
1489,46.726039,1891,3.433594
1490,46.757420,1894,6.433594
1491,46.788801,1895,7.433594
1492,46.820182,1891,3.433594
1493,46.851562,1896,8.433594
1494,46.882943,1887,-0.566406
1495,46.914324,1890,2.433594
1496,46.945705,1875,-12.566406
1497,46.977086,1886,-1.566406
1498,47.008467,1892,4.433594
1499,47.039847,1886,-1.566406
1500,47.071228,1904,16.433594
1501,47.102609,1891,3.433594
1502,47.133990,1899,11.433594
1503,47.165371,1899,11.433594
1504,47.196751,1898,10.433594
1505,47.228132,1891,3.433594
1506,47.259513,1901,13.433594
1507,47.290894,1903,15.433594
1508,47.322275,1889,1.433594
1509,47.353656,1877,-10.566406
1510,47.385036,1906,18.433594
1511,47.416417,1889,1.433594
1512,47.447798,1875,-12.566406
1513,47.479179,1895,7.433594
1514,47.510560,1887,-0.566406
1515,47.541940,1884,-3.566406
1516,47.573321,1887,-0.566406
1517,47.604702,1883,-4.566406
1518,47.636083,1891,3.433594
1519,47.667464,1884,-3.566406
1520,47.698845,1899,11.433594
1521,47.730225,1883,-4.566406
1522,47.761606,1899,11.433594
1523,47.792987,1904,16.433594
1524,47.824368,1894,6.433594
1525,47.855749,1891,3.433594
1526,47.887129,1885,-2.566406
1527,47.918510,1882,-5.566406
1528,47.949891,1886,-1.566406
1529,47.981272,1874,-13.566406
1530,48.012653,1904,16.433594
1531,48.044034,1889,1.433594
1532,48.075414,1903,15.433594
1533,48.106795,1902,14.433594
1534,48.138176,1876,-11.566406
1535,48.169557,1897,9.433594
1536,48.200938,1887,-0.566406
1537,48.232318,1891,3.433594
1538,48.263699,1951,63.433594
1539,48.295080,1919,31.433594
1540,48.326461,1951,63.433594
1541,48.357842,1957,69.433594
1542,48.389223,1920,32.433594
1543,48.420603,1941,53.433594
1544,48.451984,1892,4.433594
1545,48.483365,1915,27.433594
1546,48.514746,1888,0.433594
1547,48.546127,1904,16.433594
1548,48.577507,1887,-0.566406
1549,48.608888,1889,1.433594
1550,48.640269,1875,-12.566406
1551,48.671650,1875,-12.566406
1552,48.703031,1878,-9.566406
1553,48.734412,1879,-8.566406
1554,48.765792,1872,-15.566406
1555,48.797173,1887,-0.566406
1556,48.828554,1878,-9.566406
1557,48.859935,1872,-15.566406
1558,48.891316,1878,-9.566406
1559,48.922696,1879,-8.566406
1560,48.954077,1871,-16.566406
1561,48.985458,1859,-28.566406
1562,49.016839,1871,-16.566406
1563,49.048220,1874,-13.566406
1564,49.079601,1886,-1.566406
1565,49.110981,1884,-3.566406
1566,49.142362,1882,-5.566406
1567,49.173743,1883,-4.566406
1568,49.205124,1883,-4.566406
1569,49.236505,1885,-2.566406
1570,49.267885,1888,0.433594
1571,49.299266,1886,-1.566406
1572,49.330647,1872,-15.566406
1573,49.362028,1886,-1.566406
1574,49.393409,1882,-5.566406
1575,49.424790,1885,-2.566406
1576,49.456170,1863,-24.566406
1577,49.487551,1883,-4.566406
1578,49.518932,1871,-16.566406
1579,49.550313,1877,-10.566406
1580,49.581694,1867,-20.566406
1581,49.613075,1883,-4.566406
1582,49.644455,1881,-6.566406
1583,49.675836,1875,-12.566406
1584,49.707217,1884,-3.566406
1585,49.738598,1890,2.433594
1586,49.769979,1879,-8.566406
1587,49.801359,1886,-1.566406
1588,49.832740,1877,-10.566406
1589,49.864121,1875,-12.566406
1590,49.895502,1872,-15.566406
1591,49.926883,1875,-12.566406
1592,49.958264,1867,-20.566406
1593,49.989644,1873,-14.566406
1594,50.021025,1875,-12.566406
1595,50.052406,1873,-14.566406
1596,50.083787,1881,-6.566406
1597,50.115168,1875,-12.566406
1598,50.146548,1879,-8.566406
1599,50.177929,1879,-8.566406
1600,50.209310,1875,-12.566406
1601,50.240691,1875,-12.566406
1602,50.272072,1879,-8.566406
1603,50.303453,1879,-8.566406
1604,50.334833,1877,-10.566406
1605,50.366214,1883,-4.566406
1606,50.397595,1874,-13.566406
1607,50.428976,1883,-4.566406
1608,50.460357,1874,-13.566406
1609,50.491737,1871,-16.566406
1610,50.523118,1873,-14.566406
1611,50.554499,1876,-11.566406
1612,50.585880,1869,-18.566406
1613,50.617261,1872,-15.566406
1614,50.648642,1876,-11.566406
1615,50.680022,1872,-15.566406
1616,50.711403,1885,-2.566406
1617,50.742784,1879,-8.566406
1618,50.774165,1881,-6.566406
1619,50.805546,1879,-8.566406
1620,50.836926,1873,-14.566406
1621,50.868307,1888,0.433594
1622,50.899688,1869,-18.566406
1623,50.931069,1873,-14.566406
1624,50.962450,1870,-17.566406
1625,50.993831,1872,-15.566406
1626,51.025211,1891,3.433594
1627,51.056592,1875,-12.566406
1628,51.087973,1882,-5.566406
1629,51.119354,1894,6.433594
1630,51.150735,1887,-0.566406
1631,51.182115,1886,-1.566406
1632,51.213496,1879,-8.566406
1633,51.244877,1888,0.433594
1634,51.276258,1882,-5.566406
1635,51.307639,1883,-4.566406
1636,51.339020,1872,-15.566406
1637,51.370400,1879,-8.566406
1638,51.401781,1872,-15.566406
1639,51.433162,1877,-10.566406
1640,51.464543,1871,-16.566406
1641,51.495924,1871,-16.566406
1642,51.527304,1878,-9.566406
1643,51.558685,1877,-10.566406
1644,51.590066,1880,-7.566406
1645,51.621447,1877,-10.566406
1646,51.652828,1885,-2.566406
1647,51.684209,1882,-5.566406
1648,51.715589,1890,2.433594
1649,51.746970,1895,7.433594
1650,51.778351,1888,0.433594
1651,51.809732,1894,6.433594
1652,51.841113,1874,-13.566406
1653,51.872493,1872,-15.566406
1654,51.903874,1867,-20.566406
1655,51.935255,1872,-15.566406
1656,51.966636,1869,-18.566406
1657,51.998017,1872,-15.566406
1658,52.029398,1881,-6.566406
1659,52.060778,1872,-15.566406
1660,52.092159,1883,-4.566406
1661,52.123540,1879,-8.566406
1662,52.154921,1887,-0.566406
1663,52.186302,1883,-4.566406
1664,52.217682,1873,-14.566406
1665,52.249063,1876,-11.566406
1666,52.280444,1862,-25.566406
1667,52.311825,1879,-8.566406
1668,52.343206,1867,-20.566406
1669,52.374587,1872,-15.566406
1670,52.405967,1872,-15.566406
1671,52.437348,1874,-13.566406
1672,52.468729,1872,-15.566406
1673,52.500110,1874,-13.566406
1674,52.531491,1872,-15.566406
1675,52.562871,1866,-21.566406
1676,52.594252,1872,-15.566406
1677,52.625633,1872,-15.566406
1678,52.657014,1872,-15.566406
1679,52.688395,1872,-15.566406
1680,52.719776,1863,-24.566406
1681,52.751156,1877,-10.566406
1682,52.782537,1872,-15.566406
1683,52.813918,1872,-15.566406
1684,52.845299,1872,-15.566406
1685,52.876680,1868,-19.566406
1686,52.908060,1872,-15.566406
1687,52.939441,1874,-13.566406
1688,52.970822,1873,-14.566406
1689,53.002203,1872,-15.566406
1690,53.033584,1891,3.433594
1691,53.064965,1872,-15.566406
1692,53.096345,1887,-0.566406
1693,53.127726,1883,-4.566406
1694,53.159107,1872,-15.566406
1695,53.190488,1882,-5.566406
1696,53.221869,1874,-13.566406
1697,53.253249,1873,-14.566406
1698,53.284630,1876,-11.566406
1699,53.316011,1865,-22.566406
1700,53.347392,1871,-16.566406
1701,53.378773,1878,-9.566406
1702,53.410154,1881,-6.566406
1703,53.441534,1878,-9.566406
1704,53.472915,1877,-10.566406
1705,53.504296,1875,-12.566406
1706,53.535677,1875,-12.566406
1707,53.567058,1874,-13.566406
1708,53.598438,1885,-2.566406
1709,53.629819,1875,-12.566406
1710,53.661200,1878,-9.566406
1711,53.692581,1878,-9.566406
1712,53.723962,1884,-3.566406
1713,53.755343,1885,-2.566406
1714,53.786723,1891,3.433594
1715,53.818104,1888,0.433594
1716,53.849485,1877,-10.566406
1717,53.880866,1875,-12.566406
1718,53.912247,1874,-13.566406
1719,53.943627,1872,-15.566406
1720,53.975008,1875,-12.566406
1721,54.006389,1872,-15.566406
1722,54.037770,1893,5.433594
1723,54.069151,1883,-4.566406
1724,54.100532,1886,-1.566406
1725,54.131912,1887,-0.566406
1726,54.163293,1890,2.433594
1727,54.194674,1890,2.433594
1728,54.226055,1889,1.433594
1729,54.257436,1883,-4.566406
1730,54.288817,1889,1.433594
1731,54.320197,1877,-10.566406
1732,54.351578,1872,-15.566406
1733,54.382959,1878,-9.566406
1734,54.414340,1872,-15.566406
1735,54.445721,1867,-20.566406
1736,54.477101,1874,-13.566406
1737,54.508482,1873,-14.566406
1738,54.539863,1872,-15.566406
1739,54.571244,1872,-15.566406
1740,54.602625,1881,-6.566406
1741,54.634006,1873,-14.566406
1742,54.665386,1872,-15.566406
1743,54.696767,1887,-0.566406
1744,54.728148,1889,1.433594
1745,54.759529,1887,-0.566406
1746,54.790910,1877,-10.566406
1747,54.822290,1885,-2.566406
1748,54.853671,1882,-5.566406
1749,54.885052,1879,-8.566406
1750,54.916433,1877,-10.566406
1751,54.947814,1881,-6.566406
1752,54.979195,1872,-15.566406
1753,55.010575,1873,-14.566406
1754,55.041956,1885,-2.566406
1755,55.073337,1876,-11.566406
1756,55.104718,1883,-4.566406
1757,55.136099,1889,1.433594
1758,55.167479,1883,-4.566406
1759,55.198860,1894,6.433594
1760,55.230241,1875,-12.566406
1761,55.261622,1879,-8.566406
1762,55.293003,1878,-9.566406
1763,55.324384,1873,-14.566406
1764,55.355764,1878,-9.566406
1765,55.387145,1872,-15.566406
1766,55.418526,1873,-14.566406
1767,55.449907,1877,-10.566406
1768,55.481288,1866,-21.566406
1769,55.512668,1883,-4.566406
1770,55.544049,1877,-10.566406
1771,55.575430,1877,-10.566406
1772,55.606811,1886,-1.566406
1773,55.638192,1873,-14.566406
1774,55.669573,1879,-8.566406
1775,55.700953,1872,-15.566406
1776,55.732334,1887,-0.566406
1777,55.763715,1883,-4.566406
1778,55.795096,1883,-4.566406
1779,55.826477,1904,16.433594
1780,55.857857,1884,-3.566406
1781,55.889238,1878,-9.566406
1782,55.920619,1866,-21.566406
1783,55.952000,1883,-4.566406
1784,55.983381,1879,-8.566406
1785,56.014762,1881,-6.566406
1786,56.046142,1894,6.433594
1787,56.077523,1899,11.433594
1788,56.108904,1889,1.433594
1789,56.140285,1891,3.433594
1790,56.171666,1890,2.433594
1791,56.203046,1885,-2.566406
1792,56.234427,1879,-8.566406
1793,56.265808,1891,3.433594
1794,56.297189,1941,53.433594
1795,56.328570,1906,18.433594
1796,56.359951,1937,49.433594
1797,56.391331,1937,49.433594
1798,56.422712,1909,21.433594
1799,56.454093,1927,39.433594
1800,56.485474,1894,6.433594
1801,56.516855,1901,13.433594
1802,56.548235,1882,-5.566406
1803,56.579616,1887,-0.566406
1804,56.610997,1878,-9.566406
1805,56.642378,1883,-4.566406
1806,56.673759,1875,-12.566406
1807,56.705140,1871,-16.566406
1808,56.736520,1875,-12.566406
1809,56.767901,1882,-5.566406
1810,56.799282,1877,-10.566406
1811,56.830663,1877,-10.566406
1812,56.862044,1880,-7.566406
1813,56.893424,1884,-3.566406
1814,56.924805,1873,-14.566406
1815,56.956186,1882,-5.566406
1816,56.987567,1874,-13.566406
1817,57.018948,1874,-13.566406
1818,57.050329,1872,-15.566406
1819,57.081709,1887,-0.566406
1820,57.113090,1875,-12.566406
1821,57.144471,1883,-4.566406
1822,57.175852,1879,-8.566406
1823,57.207233,1886,-1.566406
1824,57.238613,1882,-5.566406
1825,57.269994,1875,-12.566406
1826,57.301375,1876,-11.566406
1827,57.332756,1878,-9.566406
1828,57.364137,1873,-14.566406
1829,57.395518,1884,-3.566406
1830,57.426898,1875,-12.566406
1831,57.458279,1875,-12.566406
1832,57.489660,1886,-1.566406
1833,57.521041,1881,-6.566406
1834,57.552422,1872,-15.566406
1835,57.583802,1879,-8.566406
1836,57.615183,1881,-6.566406
1837,57.646564,1883,-4.566406
1838,57.677945,1888,0.433594
1839,57.709326,1881,-6.566406
1840,57.740707,1884,-3.566406
1841,57.772087,1889,1.433594
1842,57.803468,1887,-0.566406
1843,57.834849,1900,12.433594
1844,57.866230,1889,1.433594
1845,57.897611,1883,-4.566406
1846,57.928991,1867,-20.566406
1847,57.960372,1881,-6.566406
1848,57.991753,1887,-0.566406
1849,58.023134,1882,-5.566406
1850,58.054515,1897,9.433594
1851,58.085896,1889,1.433594
1852,58.117276,1890,2.433594
1853,58.148657,1901,13.433594
1854,58.180038,1893,5.433594
1855,58.211419,1899,11.433594
1856,58.242800,1890,2.433594
1857,58.274180,1891,3.433594
1858,58.305561,1883,-4.566406
1859,58.336942,1891,3.433594
1860,58.368323,1906,18.433594
1861,58.399704,1897,9.433594
1862,58.431085,1889,1.433594
1863,58.462465,1888,0.433594
1864,58.493846,1882,-5.566406
1865,58.525227,1884,-3.566406
1866,58.556608,1879,-8.566406
1867,58.587989,1884,-3.566406
1868,58.619369,1899,11.433594
1869,58.650750,1888,0.433594
1870,58.682131,1904,16.433594
1871,58.713512,1895,7.433594
1872,58.744893,1890,2.433594
1873,58.776274,1906,18.433594
1874,58.807654,1889,1.433594
1875,58.839035,1894,6.433594
1876,58.870416,1883,-4.566406
1877,58.901797,1888,0.433594
1878,58.933178,1891,3.433594
1879,58.964559,1879,-8.566406
1880,58.995939,1882,-5.566406
1881,59.027320,1873,-14.566406
1882,59.058701,1895,7.433594
1883,59.090082,1888,0.433594
1884,59.121463,1889,1.433594
1885,59.152843,1899,11.433594
1886,59.184224,1887,-0.566406
1887,59.215605,1899,11.433594
1888,59.246986,1904,16.433594
1889,59.278367,1891,3.433594
1890,59.309748,1889,1.433594
1891,59.341128,1899,11.433594
1892,59.372509,1898,10.433594
1893,59.403890,1894,6.433594
1894,59.435271,1891,3.433594
1895,59.466652,1890,2.433594
1896,59.498032,1887,-0.566406
1897,59.529413,1893,5.433594
1898,59.560794,1899,11.433594
1899,59.592175,1899,11.433594
1900,59.623556,1888,0.433594
1901,59.654937,1883,-4.566406
1902,59.686317,1905,17.433594
1903,59.717698,1889,1.433594
1904,59.749079,1900,12.433594
1905,59.780460,1899,11.433594
1906,59.811841,1893,5.433594
1907,59.843221,1899,11.433594
1908,59.874602,1889,1.433594
1909,59.905983,1879,-8.566406
1910,59.937364,1886,-1.566406
1911,59.968745,1888,0.433594
1912,60.000126,1885,-2.566406
1913,60.031506,1883,-4.566406
1914,60.062887,1903,15.433594
1915,60.094268,1902,14.433594
1916,60.125649,1901,13.433594
1917,60.157030,1901,13.433594
1918,60.188410,1899,11.433594
1919,60.219791,1905,17.433594
1920,60.251172,1901,13.433594
1921,60.282553,1905,17.433594
1922,60.313934,1895,7.433594
1923,60.345315,1901,13.433594
1924,60.376695,1893,5.433594
1925,60.408076,1895,7.433594
1926,60.439457,1893,5.433594
1927,60.470838,1889,1.433594
1928,60.502219,1890,2.433594
1929,60.533599,1887,-0.566406
1930,60.564980,1900,12.433594
1931,60.596361,1896,8.433594
1932,60.627742,1893,5.433594
1933,60.659123,1893,5.433594
1934,60.690504,1904,16.433594
1935,60.721884,1893,5.433594
1936,60.753265,1904,16.433594
1937,60.784646,1894,6.433594
1938,60.816027,1898,10.433594
1939,60.847408,1904,16.433594
1940,60.878788,1892,4.433594
1941,60.910169,1899,11.433594
1942,60.941550,1889,1.433594
1943,60.972931,1895,7.433594
1944,61.004312,1890,2.433594
1945,61.035693,1890,2.433594
1946,61.067073,1910,22.433594
1947,61.098454,1893,5.433594
1948,61.129835,1904,16.433594
1949,61.161216,1905,17.433594
1950,61.192597,1895,7.433594
1951,61.223977,1919,31.433594
1952,61.255358,1894,6.433594
1953,61.286739,1889,1.433594
1954,61.318120,1892,4.433594
1955,61.349501,1897,9.433594
1956,61.380882,1905,17.433594
1957,61.412262,1893,5.433594
1958,61.443643,1890,2.433594
1959,61.475024,1889,1.433594
1960,61.506405,1885,-2.566406
1961,61.537786,1885,-2.566406
1962,61.569166,1887,-0.566406
1963,61.600547,1889,1.433594
1964,61.631928,1899,11.433594
1965,61.663309,1897,9.433594
1966,61.694690,1902,14.433594
1967,61.726071,1893,5.433594
1968,61.757451,1884,-3.566406
1969,61.788832,1901,13.433594
1970,61.820213,1899,11.433594
1971,61.851594,1903,15.433594
1972,61.882975,1894,6.433594
1973,61.914355,1890,2.433594
1974,61.945736,1894,6.433594
1975,61.977117,1893,5.433594
1976,62.008498,1903,15.433594
1977,62.039879,1898,10.433594
1978,62.071260,1908,20.433594
1979,62.102640,1911,23.433594
1980,62.134021,1905,17.433594
1981,62.165402,1904,16.433594
1982,62.196783,1904,16.433594
1983,62.228164,1904,16.433594
1984,62.259544,1897,9.433594
1985,62.290925,1904,16.433594
1986,62.322306,1903,15.433594
1987,62.353687,1904,16.433594
1988,62.385068,1887,-0.566406
1989,62.416449,1895,7.433594
1990,62.447829,1891,3.433594
1991,62.479210,1886,-1.566406
1992,62.510591,1897,9.433594
1993,62.541972,1891,3.433594
1994,62.573353,1902,14.433594
1995,62.604733,1899,11.433594
1996,62.636114,1904,16.433594
1997,62.667495,1904,16.433594
1998,62.698876,1904,16.433594
1999,62.730257,1904,16.433594
2000,62.761638,1917,29.433594
2001,62.793018,1903,15.433594
2002,62.824399,1903,15.433594
2003,62.855780,1905,17.433594
2004,62.887161,1895,7.433594
2005,62.918542,1904,16.433594
2006,62.949922,1894,6.433594
2007,62.981303,1899,11.433594
2008,63.012684,1900,12.433594
2009,63.044065,1893,5.433594
2010,63.075446,1908,20.433594
2011,63.106827,1904,16.433594
2012,63.138207,1911,23.433594
2013,63.169588,1906,18.433594
2014,63.200969,1904,16.433594
2015,63.232350,1903,15.433594
2016,63.263731,1904,16.433594
2017,63.295111,1898,10.433594
2018,63.326492,1897,9.433594
2019,63.357873,1902,14.433594
2020,63.389254,1895,7.433594
2021,63.420635,1904,16.433594
2022,63.452016,1890,2.433594
2023,63.483396,1893,5.433594
2024,63.514777,1899,11.433594
2025,63.546158,1890,2.433594
2026,63.577539,1900,12.433594
2027,63.608920,1898,10.433594
2028,63.640301,1898,10.433594
2029,63.671681,1899,11.433594
2030,63.703062,1904,16.433594
2031,63.734443,1898,10.433594
2032,63.765824,1909,21.433594
2033,63.797205,1905,17.433594
2034,63.828585,1905,17.433594
2035,63.859966,1911,23.433594
2036,63.891347,1893,5.433594
2037,63.922728,1902,14.433594
2038,63.954109,1897,9.433594
2039,63.985490,1883,-4.566406
2040,64.016870,1903,15.433594
2041,64.048251,1899,11.433594
2042,64.079632,1905,17.433594
2043,64.111013,1891,3.433594
2044,64.142394,1899,11.433594
2045,64.173774,1901,13.433594
2046,64.205155,1894,6.433594
2047,64.236536,1897,9.433594
