muestra,tiempo_ms,adc,adc_centrado
0,0.0,1904,15.6962890625
1,0.03138081878832383,1902,13.6962890625
2,0.06276163757664766,1938,49.6962890625
3,0.09414245636497148,1916,27.6962890625
4,0.1255232751532953,1979,90.6962890625
5,0.15690409394161914,1958,69.6962890625
6,0.18828491272994297,1991,102.6962890625
7,0.2196657315182668,1989,100.6962890625
8,0.2510465503065906,1995,106.6962890625
9,0.28242736909491445,1987,98.6962890625
10,0.3138081878832383,1999,110.6962890625
11,0.3451890066715621,1999,110.6962890625
12,0.37656982545988593,1996,107.6962890625
13,0.40795064424820976,1995,106.6962890625
14,0.4393314630365336,1975,86.6962890625
15,0.47071228182485736,1989,100.6962890625
16,0.5020931006131812,1981,92.6962890625
17,0.533473919401505,1990,101.6962890625
18,0.5648547381898289,1977,88.6962890625
19,0.5962355569781527,1981,92.6962890625
20,0.6276163757664766,1966,77.6962890625
21,0.6589971945548003,1968,79.6962890625
22,0.6903780133431242,1949,60.6962890625
23,0.721758832131448,1955,66.6962890625
24,0.7531396509197719,1940,51.6962890625
25,0.7845204697080956,1955,66.6962890625
26,0.8159012884964195,1928,39.6962890625
27,0.8472821072847434,1942,53.6962890625
28,0.8786629260730672,1936,47.6962890625
29,0.910043744861391,1916,27.6962890625
30,0.9414245636497147,1995,106.6962890625
31,0.9728053824380386,1959,70.6962890625
32,1.0041862012263625,1939,50.6962890625
33,1.0355670200146863,1989,100.6962890625
34,1.06694783880301,1870,-18.3037109375
35,1.098328657591334,1883,-5.3037109375
36,1.1297094763796578,1951,62.6962890625
37,1.1610902951679816,1918,29.6962890625
38,1.1924711139563053,1883,-5.3037109375
39,1.2238519327446291,1936,47.6962890625
40,1.255232751532953,1904,15.6962890625
41,1.2866135703212769,1872,-16.3037109375
42,1.3179943891096007,1887,-1.3037109375
43,1.3493752078979244,1923,34.6962890625
44,1.3807560266862484,1904,15.6962890625
45,1.4121368454745722,1867,-21.3037109375
46,1.443517664262896,1904,15.6962890625
47,1.4748984830512197,1943,54.6962890625
48,1.5062793018395437,1866,-22.3037109375
49,1.5376601206278675,1853,-35.3037109375
50,1.5690409394161913,1943,54.6962890625
51,1.600421758204515,1925,36.6962890625
52,1.631802576992839,1856,-32.3037109375
53,1.6631833957811628,1887,-1.3037109375
54,1.6945642145694868,1824,-64.3037109375
55,1.7259450333578104,1838,-50.3037109375
56,1.7573258521461343,1797,-91.3037109375
57,1.7887066709344581,1795,-93.3037109375
58,1.820087489722782,1776,-112.3037109375
59,1.8514683085111057,1794,-94.3037109375
60,1.8828491272994294,1789,-99.3037109375
61,1.9142299460877534,1776,-112.3037109375
62,1.9456107648760772,1821,-67.3037109375
63,1.9769915836644012,1808,-80.3037109375
64,2.008372402452725,1822,-66.3037109375
65,2.0397532212410487,1818,-70.3037109375
66,2.0711340400293725,1798,-90.3037109375
67,2.1025148588176963,1825,-63.3037109375
68,2.13389567760602,1749,-139.3037109375
69,2.165276496394344,1765,-123.3037109375
70,2.196657315182668,1815,-73.3037109375
71,2.228038133970992,1778,-110.3037109375
72,2.2594189527593156,1759,-129.3037109375
73,2.2907997715476394,1806,-82.3037109375
74,2.322180590335963,1793,-95.3037109375
75,2.353561409124287,1726,-162.3037109375
76,2.3849422279126107,1871,-17.3037109375
77,2.4163230467009345,1875,-13.3037109375
78,2.4477038654892582,1744,-144.3037109375
79,2.4790846842775824,1776,-112.3037109375
80,2.510465503065906,1905,16.6962890625
81,2.54184632185423,1849,-39.3037109375
82,2.5732271406425538,1766,-122.3037109375
83,2.6046079594308775,1851,-37.3037109375
84,2.6359887782192013,1871,-17.3037109375
85,2.667369597007525,1782,-106.3037109375
86,2.698750415795849,1794,-94.3037109375
87,2.730131234584173,1861,-27.3037109375
88,2.761512053372497,1851,-37.3037109375
89,2.7928928721608206,1783,-105.3037109375
90,2.8242736909491444,1837,-51.3037109375
91,2.8556545097374686,1887,-1.3037109375
92,2.887035328525792,1861,-27.3037109375
93,2.9184161473141157,1837,-51.3037109375
94,2.9497969661024395,1858,-30.3037109375
95,2.9811777848907637,1859,-29.3037109375
96,3.0125586036790875,1840,-48.3037109375
97,3.0439394224674112,1861,-27.3037109375
98,3.075320241255735,1861,-27.3037109375
99,3.1067010600440588,1834,-54.3037109375
100,3.1380818788323825,1840,-48.3037109375
101,3.1694626976207063,1845,-43.3037109375
102,3.20084351640903,1856,-32.3037109375
103,3.232224335197354,1837,-51.3037109375
104,3.263605153985678,1852,-36.3037109375
105,3.294985972774002,1858,-30.3037109375
106,3.3263667915623256,1853,-35.3037109375
107,3.3577476103506494,1840,-48.3037109375
108,3.3891284291389736,1855,-33.3037109375
109,3.420509247927297,1862,-26.3037109375
110,3.4518900667156207,1870,-18.3037109375
111,3.4832708855039445,1871,-17.3037109375
112,3.5146517042922687,1879,-9.3037109375
113,3.5460325230805925,1872,-16.3037109375
114,3.5774133418689162,1861,-27.3037109375
115,3.60879416065724,1875,-13.3037109375
116,3.640174979445564,1869,-19.3037109375
117,3.671555798233888,1870,-18.3037109375
118,3.7029366170222113,1859,-29.3037109375
119,3.734317435810535,1869,-19.3037109375
120,3.765698254598859,1889,0.6962890625
121,3.797079073387183,1872,-16.3037109375
122,3.828459892175507,1877,-11.3037109375
123,3.8598407109638306,1874,-14.3037109375
124,3.8912215297521544,1887,-1.3037109375
125,3.9226023485404786,1887,-1.3037109375
126,3.9539831673288024,1875,-13.3037109375
127,3.9853639861171257,1882,-6.3037109375
128,4.01674480490545,1859,-29.3037109375
129,4.048125623693774,1873,-15.3037109375
130,4.0795064424820975,1883,-5.3037109375
131,4.110887261270421,1879,-9.3037109375
132,4.142268080058745,1873,-15.3037109375
133,4.173648898847069,1887,-1.3037109375
134,4.205029717635393,1874,-14.3037109375
135,4.236410536423716,1872,-16.3037109375
136,4.26779135521204,1875,-13.3037109375
137,4.299172174000364,1876,-12.3037109375
138,4.330552992788688,1871,-17.3037109375
139,4.361933811577011,1876,-12.3037109375
140,4.393314630365336,1866,-22.3037109375
141,4.42469544915366,1859,-29.3037109375
142,4.456076267941984,1875,-13.3037109375
143,4.487457086730307,1872,-16.3037109375
144,4.518837905518631,1861,-27.3037109375
145,4.550218724306955,1872,-16.3037109375
146,4.581599543095279,1861,-27.3037109375
147,4.6129803618836025,1866,-22.3037109375
148,4.644361180671926,1863,-25.3037109375
149,4.67574199946025,1861,-27.3037109375
150,4.707122818248574,1863,-25.3037109375
151,4.738503637036898,1862,-26.3037109375
152,4.769884455825221,1871,-17.3037109375
153,4.801265274613545,1870,-18.3037109375
154,4.832646093401869,1879,-9.3037109375
155,4.864026912190193,1879,-9.3037109375
156,4.8954077309785164,1875,-13.3037109375
157,4.926788549766841,1877,-11.3037109375
158,4.958169368555165,1872,-16.3037109375
159,4.989550187343489,1872,-16.3037109375
160,5.020931006131812,1871,-17.3037109375
161,5.052311824920136,1873,-15.3037109375
162,5.08369264370846,1875,-13.3037109375
163,5.115073462496784,1873,-15.3037109375
164,5.1464542812851075,1869,-19.3037109375
165,5.177835100073432,1862,-26.3037109375
166,5.209215918861755,1875,-13.3037109375
167,5.240596737650079,1871,-17.3037109375
168,5.271977556438403,1872,-16.3037109375
169,5.303358375226726,1860,-28.3037109375
170,5.33473919401505,1874,-14.3037109375
171,5.366120012803374,1872,-16.3037109375
172,5.397500831591698,1867,-21.3037109375
173,5.428881650380022,1878,-10.3037109375
174,5.460262469168346,1891,2.6962890625
175,5.49164328795667,1882,-6.3037109375
176,5.523024106744994,1903,14.6962890625
177,5.554404925533317,1890,1.6962890625
178,5.585785744321641,1887,-1.3037109375
179,5.617166563109965,1885,-3.3037109375
180,5.648547381898289,1882,-6.3037109375
181,5.6799282006866125,1872,-16.3037109375
182,5.711309019474937,1884,-4.3037109375
183,5.74268983826326,1887,-1.3037109375
184,5.774070657051584,1896,7.6962890625
185,5.805451475839908,1885,-3.3037109375
186,5.836832294628231,1886,-2.3037109375
187,5.868213113416555,1896,7.6962890625
188,5.899593932204879,1886,-2.3037109375
189,5.930974750993203,1885,-3.3037109375
190,5.962355569781527,1881,-7.3037109375
191,5.993736388569851,1883,-5.3037109375
192,6.025117207358175,1885,-3.3037109375
193,6.056498026146499,1882,-6.3037109375
194,6.0878788449348225,1872,-16.3037109375
195,6.119259663723146,1881,-7.3037109375
196,6.15064048251147,1885,-3.3037109375
197,6.182021301299794,1873,-15.3037109375
198,6.2134021200881175,1872,-16.3037109375
199,6.244782938876442,1874,-14.3037109375
200,6.276163757664765,1867,-21.3037109375
201,6.307544576453089,1872,-16.3037109375
202,6.338925395241413,1878,-10.3037109375
203,6.370306214029736,1872,-16.3037109375
204,6.40168703281806,1875,-13.3037109375
205,6.433067851606384,1875,-13.3037109375
206,6.464448670394708,1877,-11.3037109375
207,6.495829489183032,1875,-13.3037109375
208,6.527210307971356,1879,-9.3037109375
209,6.55859112675968,1875,-13.3037109375
210,6.589971945548004,1885,-3.3037109375
211,6.6213527643363275,1879,-9.3037109375
212,6.652733583124651,1875,-13.3037109375
213,6.684114401912975,1874,-14.3037109375
214,6.715495220701299,1891,2.6962890625
215,6.746876039489623,1886,-2.3037109375
216,6.778256858277947,1894,5.6962890625
217,6.809637677066271,1883,-5.3037109375
218,6.841018495854594,1888,-0.3037109375
219,6.872399314642918,1898,9.6962890625
220,6.903780133431241,1886,-2.3037109375
221,6.935160952219565,1891,2.6962890625
222,6.966541771007889,1887,-1.3037109375
223,6.997922589796213,1887,-1.3037109375
224,7.029303408584537,1893,4.6962890625
225,7.060684227372861,1883,-5.3037109375
226,7.092065046161185,1888,-0.3037109375
227,7.123445864949509,1886,-2.3037109375
228,7.1548266837378325,1885,-3.3037109375
229,7.186207502526156,1905,16.6962890625
230,7.21758832131448,1887,-1.3037109375
231,7.248969140102804,1885,-3.3037109375
232,7.280349958891128,1895,6.6962890625
233,7.311730777679452,1883,-5.3037109375
234,7.343111596467776,1883,-5.3037109375
235,7.374492415256099,1885,-3.3037109375
236,7.405873234044423,1879,-9.3037109375
237,7.437254052832746,1879,-9.3037109375
238,7.46863487162107,1884,-4.3037109375
239,7.500015690409394,1879,-9.3037109375
240,7.531396509197718,1872,-16.3037109375
241,7.562777327986042,1879,-9.3037109375
242,7.594158146774366,1872,-16.3037109375
243,7.62553896556269,1869,-19.3037109375
244,7.656919784351014,1867,-21.3037109375
245,7.6883006031393375,1873,-15.3037109375
246,7.719681421927661,1865,-23.3037109375
247,7.751062240715985,1871,-17.3037109375
248,7.782443059504309,1876,-12.3037109375
249,7.813823878292633,1865,-23.3037109375
250,7.845204697080957,1877,-11.3037109375
251,7.87658551586928,1883,-5.3037109375
252,7.907966334657605,1879,-9.3037109375
253,7.939347153445927,1878,-10.3037109375
254,7.9707279722342514,1879,-9.3037109375
255,8.002108791022577,1878,-10.3037109375
256,8.0334896098109,1879,-9.3037109375
257,8.064870428599225,1879,-9.3037109375
258,8.096251247387547,1929,40.6962890625
259,8.127632066175872,1901,12.6962890625
260,8.159012884964195,1936,47.6962890625
261,8.19039370375252,1937,48.6962890625
262,8.221774522540843,1905,16.6962890625
263,8.253155341329165,1926,37.6962890625
264,8.28453616011749,1899,10.6962890625
265,8.315916978905813,1904,15.6962890625
266,8.347297797694138,1894,5.6962890625
267,8.37867861648246,1889,0.6962890625
268,8.410059435270785,1885,-3.3037109375
269,8.441440254059108,1887,-1.3037109375
270,8.472821072847433,1889,0.6962890625
271,8.504201891635757,1886,-2.3037109375
272,8.53558271042408,1873,-15.3037109375
273,8.566963529212405,1878,-10.3037109375
274,8.598344348000728,1872,-16.3037109375
275,8.629725166789052,1872,-16.3037109375
276,8.661105985577375,1872,-16.3037109375
277,8.6924868043657,1877,-11.3037109375
278,8.723867623154023,1890,1.6962890625
279,8.755248441942348,1883,-5.3037109375
280,8.786629260730672,1897,8.6962890625
281,8.818010079518995,1897,8.6962890625
282,8.84939089830732,1894,5.6962890625
283,8.880771717095643,1892,3.6962890625
284,8.912152535883967,1879,-9.3037109375
285,8.94353335467229,1882,-6.3037109375
286,8.974914173460615,1871,-17.3037109375
287,9.00629499224894,1873,-15.3037109375
288,9.037675811037262,1869,-19.3037109375
289,9.069056629825587,1869,-19.3037109375
290,9.10043744861391,1873,-15.3037109375
291,9.131818267402235,1872,-16.3037109375
292,9.163199086190557,1875,-13.3037109375
293,9.194579904978882,1875,-13.3037109375
294,9.225960723767205,1890,1.6962890625
295,9.25734154255553,1884,-4.3037109375
296,9.288722361343853,1879,-9.3037109375
297,9.320103180132175,1886,-2.3037109375
298,9.3514839989205,1897,8.6962890625
299,9.382864817708823,1899,10.6962890625
300,9.414245636497148,1894,5.6962890625
301,9.44562645528547,1891,2.6962890625
302,9.477007274073795,1904,15.6962890625
303,9.508388092862118,1894,5.6962890625
304,9.539768911650443,1900,11.6962890625
305,9.571149730438767,1899,10.6962890625
306,9.60253054922709,1899,10.6962890625
307,9.633911368015415,1907,18.6962890625
308,9.665292186803738,1902,13.6962890625
309,9.696673005592062,1900,11.6962890625
310,9.728053824380385,1904,15.6962890625
311,9.75943464316871,1903,14.6962890625
312,9.790815461957033,1907,18.6962890625
313,9.822196280745358,1904,15.6962890625
314,9.853577099533682,1911,22.6962890625
315,9.884957918322005,1907,18.6962890625
316,9.91633873711033,1897,8.6962890625
317,9.947719555898653,1902,13.6962890625
318,9.979100374686977,1889,0.6962890625
319,10.0104811934753,1898,9.6962890625
320,10.041862012263625,1886,-2.3037109375
321,10.07324283105195,1886,-2.3037109375
322,10.104623649840272,1869,-19.3037109375
323,10.136004468628597,1879,-9.3037109375
324,10.16738528741692,1873,-15.3037109375
325,10.198766106205245,1871,-17.3037109375
326,10.230146924993567,1878,-10.3037109375
327,10.261527743781892,1870,-18.3037109375
328,10.292908562570215,1882,-6.3037109375
329,10.32428938135854,1879,-9.3037109375
330,10.355670200146864,1877,-11.3037109375
331,10.387051018935185,1879,-9.3037109375
332,10.41843183772351,1882,-6.3037109375
333,10.449812656511833,1876,-12.3037109375
334,10.481193475300158,1879,-9.3037109375
335,10.51257429408848,1895,6.6962890625
336,10.543955112876805,1881,-7.3037109375
337,10.575335931665128,1885,-3.3037109375
338,10.606716750453453,1882,-6.3037109375
339,10.638097569241777,1875,-13.3037109375
340,10.6694783880301,1881,-7.3037109375
341,10.700859206818425,1881,-7.3037109375
342,10.732240025606748,1883,-5.3037109375
343,10.763620844395072,1885,-3.3037109375
344,10.795001663183395,1903,14.6962890625
345,10.82638248197172,1891,2.6962890625
346,10.857763300760045,1897,8.6962890625
347,10.889144119548368,1901,12.6962890625
348,10.920524938336692,1903,14.6962890625
349,10.951905757125015,1891,2.6962890625
350,10.98328657591334,1904,15.6962890625
351,11.014667394701663,1900,11.6962890625
352,11.046048213489987,1901,12.6962890625
353,11.07742903227831,1897,8.6962890625
354,11.108809851066635,1905,16.6962890625
355,11.14019066985496,1901,12.6962890625
356,11.171571488643282,1904,15.6962890625
357,11.202952307431607,1902,13.6962890625
358,11.23433312621993,1904,15.6962890625
359,11.265713945008255,1904,15.6962890625
360,11.297094763796578,1904,15.6962890625
361,11.328475582584902,1903,14.6962890625
362,11.359856401373225,1902,13.6962890625
363,11.39123722016155,1904,15.6962890625
364,11.422618038949874,1911,22.6962890625
365,11.453998857738197,1904,15.6962890625
366,11.48537967652652,1907,18.6962890625
367,11.516760495314843,1919,30.6962890625
368,11.548141314103168,1916,27.6962890625
369,11.57952213289149,1914,25.6962890625
370,11.610902951679815,1910,21.6962890625
371,11.642283770468138,1911,22.6962890625
372,11.673664589256463,1909,20.6962890625
373,11.705045408044787,1906,17.6962890625
374,11.73642622683311,1904,15.6962890625
375,11.767807045621435,1906,17.6962890625
376,11.799187864409758,1920,31.6962890625
377,11.830568683198083,1920,31.6962890625
378,11.861949501986405,1920,31.6962890625
379,11.89333032077473,1919,30.6962890625
380,11.924711139563055,1905,16.6962890625
381,11.956091958351378,1919,30.6962890625
382,11.987472777139702,1902,13.6962890625
383,12.018853595928025,1906,17.6962890625
384,12.05023441471635,1908,19.6962890625
385,12.081615233504673,1904,15.6962890625
386,12.112996052292997,1903,14.6962890625
387,12.14437687108132,1900,11.6962890625
388,12.175757689869645,1904,15.6962890625
389,12.20713850865797,1898,9.6962890625
390,12.238519327446292,1901,12.6962890625
391,12.269900146234617,1898,9.6962890625
392,12.30128096502294,1898,9.6962890625
393,12.332661783811265,1898,9.6962890625
394,12.364042602599588,1904,15.6962890625
395,12.395423421387912,1898,9.6962890625
396,12.426804240176235,1910,21.6962890625
397,12.45818505896456,1903,14.6962890625
398,12.489565877752884,1904,15.6962890625
399,12.520946696541207,1904,15.6962890625
400,12.55232751532953,1903,14.6962890625
401,12.583708334117853,1904,15.6962890625
402,12.615089152906178,1906,17.6962890625
403,12.6464699716945,1910,21.6962890625
404,12.677850790482825,1902,13.6962890625
405,12.70923160927115,1894,5.6962890625
406,12.740612428059473,1897,8.6962890625
407,12.771993246847797,1898,9.6962890625
408,12.80337406563612,1911,22.6962890625
409,12.834754884424445,1904,15.6962890625
410,12.866135703212768,1902,13.6962890625
411,12.897516522001093,1914,25.6962890625
412,12.928897340789415,1901,12.6962890625
413,12.96027815957774,1902,13.6962890625
414,12.991658978366065,1883,-5.3037109375
415,13.023039797154388,1891,2.6962890625
416,13.054420615942712,1890,1.6962890625
417,13.085801434731035,1887,-1.3037109375
418,13.11718225351936,1897,8.6962890625
419,13.148563072307683,1890,1.6962890625
420,13.179943891096007,1889,0.6962890625
421,13.21132470988433,1893,4.6962890625
422,13.242705528672655,1899,10.6962890625
423,13.27408634746098,1889,0.6962890625
424,13.305467166249302,1895,6.6962890625
425,13.336847985037627,1889,0.6962890625
426,13.36822880382595,1887,-1.3037109375
427,13.399609622614275,1894,5.6962890625
428,13.430990441402598,1896,7.6962890625
429,13.462371260190922,1893,4.6962890625
430,13.493752078979245,1909,20.6962890625
431,13.52513289776757,1899,10.6962890625
432,13.556513716555894,1905,16.6962890625
433,13.587894535344217,1902,13.6962890625
434,13.619275354132542,1898,9.6962890625
435,13.650656172920865,1891,2.6962890625
436,13.682036991709188,1902,13.6962890625
437,13.71341781049751,1904,15.6962890625
438,13.744798629285835,1903,14.6962890625
439,13.77617944807416,1902,13.6962890625
440,13.807560266862483,1919,30.6962890625
441,13.838941085650807,1915,26.6962890625
442,13.87032190443913,1918,29.6962890625
443,13.901702723227455,1913,24.6962890625
444,13.933083542015778,1911,22.6962890625
445,13.964464360804103,1915,26.6962890625
446,13.995845179592425,1913,24.6962890625
447,14.02722599838075,1910,21.6962890625
448,14.058606817169075,1907,18.6962890625
449,14.089987635957398,1904,15.6962890625
450,14.121368454745722,1904,15.6962890625
451,14.152749273534045,1905,16.6962890625
452,14.18413009232237,1905,16.6962890625
453,14.215510911110693,1904,15.6962890625
454,14.246891729899017,1899,10.6962890625
455,14.27827254868734,1915,26.6962890625
456,14.309653367475665,1907,18.6962890625
457,14.34103418626399,1904,15.6962890625
458,14.372415005052313,1911,22.6962890625
459,14.403795823840637,1906,17.6962890625
460,14.43517664262896,1910,21.6962890625
461,14.466557461417285,1904,15.6962890625
462,14.497938280205608,1907,18.6962890625
463,14.529319098993932,1908,19.6962890625
464,14.560699917782255,1909,20.6962890625
465,14.59208073657058,1908,19.6962890625
466,14.623461555358904,1904,15.6962890625
467,14.654842374147227,1904,15.6962890625
468,14.686223192935552,1911,22.6962890625
469,14.717604011723875,1907,18.6962890625
470,14.748984830512198,1910,21.6962890625
471,14.78036564930052,1923,34.6962890625
472,14.811746468088845,1914,25.6962890625
473,14.84312728687717,1910,21.6962890625
474,14.874508105665493,1915,26.6962890625
475,14.905888924453818,1919,30.6962890625
476,14.93726974324214,1915,26.6962890625
477,14.968650562030465,1915,26.6962890625
478,15.000031380818788,1917,28.6962890625
479,15.031412199607113,1909,20.6962890625
480,15.062793018395435,1917,28.6962890625
481,15.09417383718376,1911,22.6962890625
482,15.125554655972085,1909,20.6962890625
483,15.156935474760408,1919,30.6962890625
484,15.188316293548732,1919,30.6962890625
485,15.219697112337055,1904,15.6962890625
486,15.25107793112538,1923,34.6962890625
487,15.282458749913703,1923,34.6962890625
488,15.313839568702027,1923,34.6962890625
489,15.34522038749035,1911,22.6962890625
490,15.376601206278675,1927,38.6962890625
491,15.407982025067,1929,40.6962890625
492,15.439362843855323,1933,44.6962890625
493,15.470743662643647,1926,37.6962890625
494,15.50212448143197,1919,30.6962890625
495,15.533505300220295,1926,37.6962890625
496,15.564886119008618,1919,30.6962890625
497,15.596266937796942,1920,31.6962890625
498,15.627647756585265,1916,27.6962890625
499,15.659028575373592,1917,28.6962890625
500,15.690409394161914,1916,27.6962890625
501,15.721790212950237,1919,30.6962890625
502,15.75317103173856,1911,22.6962890625
503,15.784551850526887,1906,17.6962890625
504,15.81593266931521,1920,31.6962890625
505,15.84731348810353,1920,31.6962890625
506,15.878694306891854,1908,19.6962890625
507,15.91007512568018,1917,28.6962890625
508,15.941455944468503,1904,15.6962890625
509,15.972836763256826,1905,16.6962890625
510,16.004217582045154,1897,8.6962890625
511,16.035598400833475,1902,13.6962890625
512,16.0669792196218,1892,3.6962890625
513,16.09836003841012,1891,2.6962890625
514,16.12974085719845,1937,48.6962890625
515,16.16112167598677,1907,18.6962890625
516,16.192502494775095,1933,44.6962890625
517,16.22388331356342,1940,51.6962890625
518,16.255264132351744,1919,30.6962890625
519,16.286644951140065,1922,33.6962890625
520,16.31802576992839,1908,19.6962890625
521,16.349406588716715,1906,17.6962890625
522,16.38078740750504,1887,-1.3037109375
523,16.41216822629336,1903,14.6962890625
524,16.443549045081685,1883,-5.3037109375
525,16.47492986387001,1897,8.6962890625
526,16.50631068265833,1892,3.6962890625
527,16.537691501446655,1898,9.6962890625
528,16.56907232023498,1898,9.6962890625
529,16.600453139023305,1882,-6.3037109375
530,16.631833957811626,1893,4.6962890625
531,16.66321477659995,1891,2.6962890625
532,16.694595595388275,1893,4.6962890625
533,16.7259764141766,1916,27.6962890625
534,16.75735723296492,1911,22.6962890625
535,16.78873805175325,1905,16.6962890625
536,16.82011887054157,1917,28.6962890625
537,16.851499689329895,1905,16.6962890625
538,16.882880508118216,1906,17.6962890625
539,16.914261326906544,1911,22.6962890625
540,16.945642145694865,1894,5.6962890625
541,16.97702296448319,1904,15.6962890625
542,17.008403783271515,1888,-0.3037109375
543,17.03978460205984,1895,6.6962890625
544,17.07116542084816,1903,14.6962890625
545,17.102546239636485,1890,1.6962890625
546,17.13392705842481,1899,10.6962890625
547,17.165307877213134,1874,-14.3037109375
548,17.196688696001456,1901,12.6962890625
549,17.228069514789784,1893,4.6962890625
550,17.259450333578105,1884,-4.3037109375
551,17.29083115236643,1893,4.6962890625
552,17.32221197115475,1889,0.6962890625
553,17.35359278994308,1889,0.6962890625
554,17.3849736087314,1890,1.6962890625
555,17.416354427519725,1889,0.6962890625
556,17.447735246308046,1888,-0.3037109375
557,17.47911606509637,1884,-4.3037109375
558,17.510496883884695,1875,-13.3037109375
559,17.541877702673016,1887,-1.3037109375
560,17.573258521461344,1883,-5.3037109375
561,17.604639340249665,1882,-6.3037109375
562,17.63602015903799,1879,-9.3037109375
563,17.66740097782631,1871,-17.3037109375
564,17.69878179661464,1885,-3.3037109375
565,17.73016261540296,1888,-0.3037109375
566,17.761543434191285,1895,6.6962890625
567,17.79292425297961,1883,-5.3037109375
568,17.824305071767935,1903,14.6962890625
569,17.855685890556256,1893,4.6962890625
570,17.88706670934458,1899,10.6962890625
571,17.918447528132905,1899,10.6962890625
572,17.94982834692123,1889,0.6962890625
573,17.98120916570955,1888,-0.3037109375
574,18.01258998449788,1905,16.6962890625
575,18.0439708032862,1894,5.6962890625
576,18.075351622074525,1888,-0.3037109375
577,18.106732440862846,1888,-0.3037109375
578,18.138113259651174,1883,-5.3037109375
579,18.169494078439495,1888,-0.3037109375
580,18.20087489722782,1887,-1.3037109375
581,18.23225571601614,1887,-1.3037109375
582,18.26363653480447,1889,0.6962890625
583,18.29501735359279,1890,1.6962890625
584,18.326398172381115,1898,9.6962890625
585,18.35777899116944,1891,2.6962890625
586,18.389159809957764,1893,4.6962890625
587,18.420540628746085,1896,7.6962890625
588,18.45192144753441,1907,18.6962890625
589,18.483302266322735,1904,15.6962890625
590,18.51468308511106,1902,13.6962890625
591,18.54606390389938,1907,18.6962890625
592,18.577444722687705,1897,8.6962890625
593,18.60882554147603,1899,10.6962890625
594,18.64020636026435,1886,-2.3037109375
595,18.671587179052676,1890,1.6962890625
596,18.702967997841,1887,-1.3037109375
597,18.734348816629325,1886,-2.3037109375
598,18.765729635417646,1893,4.6962890625
599,18.797110454205974,1889,0.6962890625
600,18.828491272994295,1899,10.6962890625
601,18.85987209178262,1888,-0.3037109375
602,18.89125291057094,1898,9.6962890625
603,18.92263372935927,1893,4.6962890625
604,18.95401454814759,1888,-0.3037109375
605,18.985395366935915,1890,1.6962890625
606,19.016776185724236,1878,-10.3037109375
607,19.048157004512564,1890,1.6962890625
608,19.079537823300885,1879,-9.3037109375
609,19.11091864208921,1883,-5.3037109375
610,19.142299460877535,1878,-10.3037109375
611,19.17368027966586,1888,-0.3037109375
612,19.20506109845418,1869,-19.3037109375
613,19.236441917242505,1872,-16.3037109375
614,19.26782273603083,1862,-26.3037109375
615,19.299203554819155,1863,-25.3037109375
616,19.330584373607476,1879,-9.3037109375
617,19.361965192395804,1872,-16.3037109375
618,19.393346011184125,1877,-11.3037109375
619,19.42472682997245,1888,-0.3037109375
620,19.45610764876077,1894,5.6962890625
621,19.4874884675491,1872,-16.3037109375
622,19.51886928633742,1899,10.6962890625
623,19.550250105125745,1905,16.6962890625
624,19.581630923914066,1877,-11.3037109375
625,19.613011742702394,1883,-5.3037109375
626,19.644392561490715,1904,15.6962890625
627,19.67577338027904,1891,2.6962890625
628,19.707154199067364,1879,-9.3037109375
629,19.738535017855686,1883,-5.3037109375
630,19.76991583664401,1898,9.6962890625
631,19.80129665543233,1898,9.6962890625
632,19.83267747422066,1895,6.6962890625
633,19.86405829300898,1895,6.6962890625
634,19.895439111797305,1895,6.6962890625
635,19.92681993058563,1898,9.6962890625
636,19.958200749373955,1883,-5.3037109375
637,19.989581568162276,1886,-2.3037109375
638,20.0209623869506,1865,-23.3037109375
639,20.052343205738925,1875,-13.3037109375
640,20.08372402452725,1877,-11.3037109375
641,20.11510484331557,1877,-11.3037109375
642,20.1464856621039,1853,-35.3037109375
643,20.17786648089222,1884,-4.3037109375
644,20.209247299680545,1879,-9.3037109375
645,20.240628118468866,1872,-16.3037109375
646,20.272008937257194,1883,-5.3037109375
647,20.303389756045515,1873,-15.3037109375
648,20.33477057483384,1885,-3.3037109375
649,20.36615139362216,1879,-9.3037109375
650,20.39753221241049,1883,-5.3037109375
651,20.42891303119881,1890,1.6962890625
652,20.460293849987135,1898,9.6962890625
653,20.49167466877546,1897,8.6962890625
654,20.523055487563784,1898,9.6962890625
655,20.554436306352105,1895,6.6962890625
656,20.58581712514043,1890,1.6962890625
657,20.617197943928755,1898,9.6962890625
658,20.64857876271708,1898,9.6962890625
659,20.6799595815054,1889,0.6962890625
660,20.71134040029373,1888,-0.3037109375
661,20.74272121908205,1890,1.6962890625
662,20.77410203787037,1890,1.6962890625
663,20.805482856658696,1891,2.6962890625
664,20.83686367544702,1904,15.6962890625
665,20.868244494235345,1904,15.6962890625
666,20.899625313023666,1895,6.6962890625
667,20.931006131811994,1905,16.6962890625
668,20.962386950600315,1887,-1.3037109375
669,20.99376776938864,1893,4.6962890625
670,21.02514858817696,1895,6.6962890625
671,21.05652940696529,1893,4.6962890625
672,21.08791022575361,1879,-9.3037109375
673,21.119291044541935,1885,-3.3037109375
674,21.150671863330256,1892,3.6962890625
675,21.182052682118584,1872,-16.3037109375
676,21.213433500906905,1885,-3.3037109375
677,21.24481431969523,1887,-1.3037109375
678,21.276195138483555,1872,-16.3037109375
679,21.30757595727188,1881,-7.3037109375
680,21.3389567760602,1863,-25.3037109375
681,21.370337594848525,1885,-3.3037109375
682,21.40171841363685,1871,-17.3037109375
683,21.433099232425175,1872,-16.3037109375
684,21.464480051213496,1881,-7.3037109375
685,21.495860870001824,1872,-16.3037109375
686,21.527241688790145,1871,-17.3037109375
687,21.55862250757847,1874,-14.3037109375
688,21.59000332636679,1869,-19.3037109375
689,21.62138414515512,1870,-18.3037109375
690,21.65276496394344,1871,-17.3037109375
691,21.684145782731765,1866,-22.3037109375
692,21.71552660152009,1857,-31.3037109375
693,21.746907420308414,1871,-17.3037109375
694,21.778288239096735,1847,-41.3037109375
695,21.80966905788506,1853,-35.3037109375
696,21.841049876673384,1865,-23.3037109375
697,21.872430695461706,1874,-14.3037109375
698,21.90381151425003,1861,-27.3037109375
699,21.93519233303835,1872,-16.3037109375
700,21.96657315182668,1870,-18.3037109375
701,21.997953970615,1872,-16.3037109375
702,22.029334789403325,1869,-19.3037109375
703,22.06071560819165,1871,-17.3037109375
704,22.092096426979975,1872,-16.3037109375
705,22.123477245768296,1872,-16.3037109375
706,22.15485806455662,1875,-13.3037109375
707,22.186238883344945,1872,-16.3037109375
708,22.21761970213327,1872,-16.3037109375
709,22.24900052092159,1877,-11.3037109375
710,22.28038133970992,1873,-15.3037109375
711,22.31176215849824,1874,-14.3037109375
712,22.343142977286565,1873,-15.3037109375
713,22.374523796074886,1875,-13.3037109375
714,22.405904614863214,1883,-5.3037109375
715,22.437285433651535,1883,-5.3037109375
716,22.46866625243986,1889,0.6962890625
717,22.50004707122818,1885,-3.3037109375
718,22.53142789001651,1893,4.6962890625
719,22.56280870880483,1887,-1.3037109375
720,22.594189527593155,1886,-2.3037109375
721,22.62557034638148,1889,0.6962890625
722,22.656951165169804,1882,-6.3037109375
723,22.688331983958125,1873,-15.3037109375
724,22.71971280274645,1882,-6.3037109375
725,22.751093621534775,1876,-12.3037109375
726,22.7824744403231,1877,-11.3037109375
727,22.81385525911142,1872,-16.3037109375
728,22.84523607789975,1878,-10.3037109375
729,22.87661689668807,1887,-1.3037109375
730,22.907997715476395,1882,-6.3037109375
731,22.939378534264716,1882,-6.3037109375
732,22.97075935305304,1868,-20.3037109375
733,23.002140171841365,1872,-16.3037109375
734,23.033520990629686,1872,-16.3037109375
735,23.064901809418014,1871,-17.3037109375
736,23.096282628206335,1866,-22.3037109375
737,23.12766344699466,1879,-9.3037109375
738,23.15904426578298,1867,-21.3037109375
739,23.19042508457131,1853,-35.3037109375
740,23.22180590335963,1869,-19.3037109375
741,23.253186722147955,1856,-32.3037109375
742,23.284567540936276,1872,-16.3037109375
743,23.315948359724604,1861,-27.3037109375
744,23.347329178512926,1861,-27.3037109375
745,23.37870999730125,1863,-25.3037109375
746,23.410090816089575,1860,-28.3037109375
747,23.4414716348779,1863,-25.3037109375
748,23.47285245366622,1875,-13.3037109375
749,23.504233272454545,1872,-16.3037109375
750,23.53561409124287,1865,-23.3037109375
751,23.566994910031195,1862,-26.3037109375
752,23.598375728819516,1872,-16.3037109375
753,23.629756547607844,1872,-16.3037109375
754,23.661137366396165,1861,-27.3037109375
755,23.69251818518449,1870,-18.3037109375
756,23.72389900397281,1870,-18.3037109375
757,23.75527982276114,1867,-21.3037109375
758,23.78666064154946,1883,-5.3037109375
759,23.818041460337785,1869,-19.3037109375
760,23.84942227912611,1887,-1.3037109375
761,23.880803097914434,1877,-11.3037109375
762,23.912183916702755,1873,-15.3037109375
763,23.94356473549108,1878,-10.3037109375
764,23.974945554279405,1879,-9.3037109375
765,24.00632637306773,1872,-16.3037109375
766,24.03770719185605,1877,-11.3037109375
767,24.06908801064437,1895,6.6962890625
768,24.1004688294327,1873,-15.3037109375
769,24.13184964822102,1872,-16.3037109375
770,24.163230467009345,1925,36.6962890625
771,24.19461128579767,1904,15.6962890625
772,24.225992104585995,1914,25.6962890625
773,24.257372923374316,1925,36.6962890625
774,24.28875374216264,1903,14.6962890625
775,24.320134560950965,1908,19.6962890625
776,24.35151537973929,1891,2.6962890625
777,24.38289619852761,1897,8.6962890625
778,24.41427701731594,1873,-15.3037109375
779,24.44565783610426,1879,-9.3037109375
780,24.477038654892585,1872,-16.3037109375
781,24.508419473680906,1873,-15.3037109375
782,24.539800292469234,1865,-23.3037109375
783,24.571181111257555,1860,-28.3037109375
784,24.60256193004588,1855,-33.3037109375
785,24.633942748834205,1857,-31.3037109375
786,24.66532356762253,1863,-25.3037109375
787,24.69670438641085,1862,-26.3037109375
788,24.728085205199175,1857,-31.3037109375
789,24.7594660239875,1868,-20.3037109375
790,24.790846842775824,1877,-11.3037109375
791,24.822227661564146,1877,-11.3037109375
792,24.85360848035247,1877,-11.3037109375
793,24.884989299140795,1883,-5.3037109375
794,24.91637011792912,1872,-16.3037109375
795,24.94775093671744,1876,-12.3037109375
796,24.97913175550577,1861,-27.3037109375
797,25.01051257429409,1869,-19.3037109375
798,25.041893393082415,1853,-35.3037109375
799,25.073274211870736,1858,-30.3037109375
800,25.10465503065906,1872,-16.3037109375
801,25.136035849447385,1864,-24.3037109375
802,25.167416668235706,1869,-19.3037109375
803,25.198797487024034,1871,-17.3037109375
804,25.230178305812355,1874,-14.3037109375
805,25.26155912460068,1872,-16.3037109375
806,25.292939943389,1881,-7.3037109375
807,25.32432076217733,1883,-5.3037109375
808,25.35570158096565,1883,-5.3037109375
809,25.387082399753975,1873,-15.3037109375
810,25.4184632185423,1886,-2.3037109375
811,25.449844037330625,1878,-10.3037109375
812,25.481224856118946,1905,16.6962890625
813,25.51260567490727,1885,-3.3037109375
814,25.543986493695595,1887,-1.3037109375
815,25.57536731248392,1894,5.6962890625
816,25.60674813127224,1888,-0.3037109375
817,25.638128950060565,1886,-2.3037109375
818,25.66950976884889,1877,-11.3037109375
819,25.700890587637215,1881,-7.3037109375
820,25.732271406425536,1877,-11.3037109375
821,25.763652225213864,1879,-9.3037109375
822,25.795033044002185,1890,1.6962890625
823,25.82641386279051,1890,1.6962890625
824,25.85779468157883,1893,4.6962890625
825,25.88917550036716,1901,12.6962890625
826,25.92055631915548,1879,-9.3037109375
827,25.951937137943805,1885,-3.3037109375
828,25.98331795673213,1879,-9.3037109375
829,26.014698775520454,1871,-17.3037109375
830,26.046079594308775,1877,-11.3037109375
831,26.0774604130971,1878,-10.3037109375
832,26.108841231885425,1882,-6.3037109375
833,26.14022205067375,1901,12.6962890625
834,26.17160286946207,1879,-9.3037109375
835,26.202983688250395,1881,-7.3037109375
836,26.23436450703872,1869,-19.3037109375
837,26.26574532582704,1885,-3.3037109375
838,26.297126144615365,1880,-8.3037109375
839,26.32850696340369,1874,-14.3037109375
840,26.359887782192015,1889,0.6962890625
841,26.391268600980336,1883,-5.3037109375
842,26.42264941976866,1899,10.6962890625
843,26.454030238556985,1903,14.6962890625
844,26.48541105734531,1900,11.6962890625
845,26.51679187613363,1897,8.6962890625
846,26.54817269492196,1898,9.6962890625
847,26.57955351371028,1900,11.6962890625
848,26.610934332498605,1885,-3.3037109375
849,26.642315151286926,1895,6.6962890625
850,26.673695970075254,1885,-3.3037109375
851,26.705076788863575,1891,2.6962890625
852,26.7364576076519,1882,-6.3037109375
853,26.767838426440225,1883,-5.3037109375
854,26.79921924522855,1887,-1.3037109375
855,26.83060006401687,1891,2.6962890625
856,26.861980882805195,1891,2.6962890625
857,26.89336170159352,1891,2.6962890625
858,26.924742520381844,1885,-3.3037109375
859,26.956123339170166,1885,-3.3037109375
860,26.98750415795849,1872,-16.3037109375
861,27.018884976746815,1882,-6.3037109375
862,27.05026579553514,1873,-15.3037109375
863,27.08164661432346,1886,-2.3037109375
864,27.11302743311179,1871,-17.3037109375
865,27.14440825190011,1877,-11.3037109375
866,27.175789070688435,1872,-16.3037109375
867,27.207169889476756,1871,-17.3037109375
868,27.238550708265084,1872,-16.3037109375
869,27.269931527053405,1869,-19.3037109375
870,27.30131234584173,1870,-18.3037109375
871,27.332693164630054,1870,-18.3037109375
872,27.364073983418375,1874,-14.3037109375
873,27.3954548022067,1872,-16.3037109375
874,27.42683562099502,1877,-11.3037109375
875,27.45821643978335,1873,-15.3037109375
876,27.48959725857167,1879,-9.3037109375
877,27.520978077359995,1878,-10.3037109375
878,27.55235889614832,1874,-14.3037109375
879,27.583739714936645,1878,-10.3037109375
880,27.615120533724966,1871,-17.3037109375
881,27.64650135251329,1873,-15.3037109375
882,27.677882171301615,1877,-11.3037109375
883,27.70926299008994,1869,-19.3037109375
884,27.74064380887826,1871,-17.3037109375
885,27.772024627666585,1872,-16.3037109375
886,27.80340544645491,1891,2.6962890625
887,27.834786265243235,1889,0.6962890625
888,27.866167084031556,1894,5.6962890625
889,27.897547902819884,1893,4.6962890625
890,27.928928721608205,1888,-0.3037109375
891,27.96030954039653,1889,0.6962890625
892,27.99169035918485,1879,-9.3037109375
893,28.02307117797318,1887,-1.3037109375
894,28.0544519967615,1879,-9.3037109375
895,28.085832815549825,1879,-9.3037109375
896,28.11721363433815,1883,-5.3037109375
897,28.148594453126474,1894,5.6962890625
898,28.179975271914795,1883,-5.3037109375
899,28.21135609070312,1887,-1.3037109375
900,28.242736909491445,1899,10.6962890625
901,28.27411772827977,1893,4.6962890625
902,28.30549854706809,1899,10.6962890625
903,28.33687936585642,1899,10.6962890625
904,28.36826018464474,1893,4.6962890625
905,28.39964100343306,1899,10.6962890625
906,28.431021822221386,1904,15.6962890625
907,28.46240264100971,1904,15.6962890625
908,28.493783459798035,1909,20.6962890625
909,28.525164278586356,1916,27.6962890625
910,28.55654509737468,1917,28.6962890625
911,28.587925916163005,1909,20.6962890625
912,28.61930673495133,1894,5.6962890625
913,28.65068755373965,1903,14.6962890625
914,28.68206837252798,1904,15.6962890625
915,28.7134491913163,1903,14.6962890625
916,28.744830010104625,1904,15.6962890625
917,28.776210828892946,1904,15.6962890625
918,28.807591647681274,1914,25.6962890625
919,28.838972466469595,1904,15.6962890625
920,28.87035328525792,1908,19.6962890625
921,28.901734104046245,1907,18.6962890625
922,28.93311492283457,1906,17.6962890625
923,28.96449574162289,1906,17.6962890625
924,28.995876560411215,1901,12.6962890625
925,29.02725737919954,1903,14.6962890625
926,29.058638197987865,1891,2.6962890625
927,29.090019016776186,1891,2.6962890625
928,29.12139983556451,1895,6.6962890625
929,29.152780654352835,1893,4.6962890625
930,29.18416147314116,1890,1.6962890625
931,29.21554229192948,1901,12.6962890625
932,29.24692311071781,1895,6.6962890625
933,29.27830392950613,1888,-0.3037109375
934,29.309684748294455,1890,1.6962890625
935,29.341065567082776,1904,15.6962890625
936,29.372446385871104,1889,0.6962890625
937,29.403827204659425,1898,9.6962890625
938,29.43520802344775,1895,6.6962890625
939,29.466588842236074,1887,-1.3037109375
940,29.497969661024396,1899,10.6962890625
941,29.52935047981272,1891,2.6962890625
942,29.56073129860104,1900,11.6962890625
943,29.59211211738937,1902,13.6962890625
944,29.62349293617769,1888,-0.3037109375
945,29.654873754966015,1895,6.6962890625
946,29.68625457375434,1891,2.6962890625
947,29.717635392542665,1904,15.6962890625
948,29.749016211330986,1890,1.6962890625
949,29.78039703011931,1890,1.6962890625
950,29.811777848907635,1905,16.6962890625
951,29.84315866769596,1901,12.6962890625
952,29.87453948648428,1899,10.6962890625
953,29.905920305272605,1898,9.6962890625
954,29.93730112406093,1891,2.6962890625
955,29.968681942849255,1899,10.6962890625
956,30.000062761637576,1891,2.6962890625
957,30.031443580425904,1888,-0.3037109375
958,30.062824399214225,1872,-16.3037109375
959,30.09420521800255,1873,-15.3037109375
960,30.12558603679087,1878,-10.3037109375
961,30.1569668555792,1872,-16.3037109375
962,30.18834767436752,1873,-15.3037109375
963,30.219728493155845,1878,-10.3037109375
964,30.25110931194417,1877,-11.3037109375
965,30.282490130732494,1878,-10.3037109375
966,30.313870949520815,1879,-9.3037109375
967,30.34525176830914,1879,-9.3037109375
968,30.376632587097465,1884,-4.3037109375
969,30.40801340588579,1885,-3.3037109375
970,30.43939422467411,1877,-11.3037109375
971,30.47077504346244,1889,0.6962890625
972,30.50215586225076,1898,9.6962890625
973,30.533536681039084,1893,4.6962890625
974,30.564917499827406,1890,1.6962890625
975,30.59629831861573,1894,5.6962890625
976,30.627679137404055,1883,-5.3037109375
977,30.659059956192376,1874,-14.3037109375
978,30.6904407749807,1891,2.6962890625
979,30.721821593769025,1889,0.6962890625
980,30.75320241255735,1896,7.6962890625
981,30.78458323134567,1903,14.6962890625
982,30.815964050134,1907,18.6962890625
983,30.84734486892232,1902,13.6962890625
984,30.878725687710645,1913,24.6962890625
985,30.910106506498966,1907,18.6962890625
986,30.941487325287294,1904,15.6962890625
987,30.972868144075616,1904,15.6962890625
988,31.00424896286394,1901,12.6962890625
989,31.035629781652265,1904,15.6962890625
990,31.06701060044059,1899,10.6962890625
991,31.09839141922891,1907,18.6962890625
992,31.129772238017235,1899,10.6962890625
993,31.16115305680556,1900,11.6962890625
994,31.192533875593885,1892,3.6962890625
995,31.223914694382206,1872,-16.3037109375
996,31.25529551317053,1888,-0.3037109375
997,31.286676331958855,1889,0.6962890625
998,31.318057150747183,1889,0.6962890625
999,31.3494379695355,1891,2.6962890625
1000,31.38081878832383,1893,4.6962890625
1001,31.412199607112147,1888,-0.3037109375
1002,31.443580425900475,1897,8.6962890625
1003,31.4749612446888,1890,1.6962890625
1004,31.50634206347712,1905,16.6962890625
1005,31.537722882265445,1904,15.6962890625
1006,31.569103701053773,1895,6.6962890625
1007,31.60048451984209,1903,14.6962890625
1008,31.63186533863042,1899,10.6962890625
1009,31.663246157418744,1910,21.6962890625
1010,31.69462697620706,1903,14.6962890625
1011,31.72600779499539,1904,15.6962890625
1012,31.757388613783707,1904,15.6962890625
1013,31.788769432572035,1906,17.6962890625
1014,31.82015025136036,1925,36.6962890625
1015,31.85153107014868,1914,25.6962890625
1016,31.882911888937006,1926,37.6962890625
1017,31.914292707725334,1928,39.6962890625
1018,31.94567352651365,1924,35.6962890625
1019,31.97705434530198,1914,25.6962890625
1020,32.00843516409031,1892,3.6962890625
1021,32.03981598287862,1914,25.6962890625
1022,32.07119680166695,1919,30.6962890625
1023,32.10257762045528,1918,29.6962890625
1024,32.1339584392436,1920,31.6962890625
1025,32.16533925803192,1923,34.6962890625
1026,32.19672007682024,1966,77.6962890625
1027,32.22810089560857,1920,31.6962890625
1028,32.2594817143969,1985,96.6962890625
1029,32.29086253318521,1969,80.6962890625
1030,32.32224335197354,1937,48.6962890625
1031,32.35362417076187,1954,65.6962890625
1032,32.38500498955019,1919,30.6962890625
1033,32.41638580833851,1926,37.6962890625
1034,32.44776662712684,1918,29.6962890625
1035,32.47914744591516,1919,30.6962890625
1036,32.51052826470349,1911,22.6962890625
1037,32.5419090834918,1908,19.6962890625
1038,32.57328990228013,1888,-0.3037109375
1039,32.60467072106846,1902,13.6962890625
1040,32.63605153985678,1885,-3.3037109375
1041,32.6674323586451,1893,4.6962890625
1042,32.69881317743343,1877,-11.3037109375
1043,32.73019399622175,1887,-1.3037109375
1044,32.76157481501008,1891,2.6962890625
1045,32.7929556337984,1874,-14.3037109375
1046,32.82433645258672,1890,1.6962890625
1047,32.85571727137505,1904,15.6962890625
1048,32.88709809016337,1875,-13.3037109375
1049,32.91847890895169,1893,4.6962890625
1050,32.94985972774002,1879,-9.3037109375
1051,32.98124054652834,1885,-3.3037109375
1052,33.01262136531666,1881,-7.3037109375
1053,33.04400218410499,1886,-2.3037109375
1054,33.07538300289331,1859,-29.3037109375
1055,33.10676382168164,1867,-21.3037109375
1056,33.13814464046996,1876,-12.3037109375
1057,33.16952545925828,1872,-16.3037109375
1058,33.20090627804661,1877,-11.3037109375
1059,33.23228709683494,1872,-16.3037109375
1060,33.26366791562325,1875,-13.3037109375
1061,33.29504873441158,1872,-16.3037109375
1062,33.3264295531999,1873,-15.3037109375
1063,33.35781037198823,1879,-9.3037109375
1064,33.38919119077655,1877,-11.3037109375
1065,33.42057200956487,1875,-13.3037109375
1066,33.4519528283532,1883,-5.3037109375
1067,33.48333364714153,1885,-3.3037109375
1068,33.51471446592984,1894,5.6962890625
1069,33.54609528471817,1894,5.6962890625
1070,33.5774761035065,1893,4.6962890625
1071,33.60885692229482,1891,2.6962890625
1072,33.64023774108314,1890,1.6962890625
1073,33.67161855987147,1877,-11.3037109375
1074,33.70299937865979,1897,8.6962890625
1075,33.73438019744812,1898,9.6962890625
1076,33.76576101623643,1915,26.6962890625
1077,33.79714183502476,1904,15.6962890625
1078,33.82852265381309,1920,31.6962890625
1079,33.85990347260141,1930,41.6962890625
1080,33.89128429138973,1920,31.6962890625
1081,33.92266511017806,1923,34.6962890625
1082,33.95404592896638,1905,16.6962890625
1083,33.9854267477547,1917,28.6962890625
1084,34.01680756654303,1910,21.6962890625
1085,34.04818838533135,1904,15.6962890625
1086,34.07956920411968,1907,18.6962890625
1087,34.11095002290799,1904,15.6962890625
1088,34.14233084169632,1897,8.6962890625
1089,34.17371166048465,1905,16.6962890625
1090,34.20509247927297,1890,1.6962890625
1091,34.23647329806129,1892,3.6962890625
1092,34.26785411684962,1890,1.6962890625
1093,34.29923493563794,1897,8.6962890625
1094,34.33061575442627,1879,-9.3037109375
1095,34.36199657321459,1883,-5.3037109375
1096,34.39337739200291,1889,0.6962890625
1097,34.42475821079124,1871,-17.3037109375
1098,34.45613902957957,1897,8.6962890625
1099,34.48751984836788,1894,5.6962890625
1100,34.51890066715621,1888,-0.3037109375
1101,34.55028148594453,1889,0.6962890625
1102,34.58166230473286,1872,-16.3037109375
1103,34.61304312352118,1883,-5.3037109375
1104,34.6444239423095,1873,-15.3037109375
1105,34.67580476109783,1890,1.6962890625
1106,34.70718557988616,1886,-2.3037109375
1107,34.73856639867447,1873,-15.3037109375
1108,34.7699472174628,1891,2.6962890625
1109,34.80132803625113,1872,-16.3037109375
1110,34.83270885503945,1895,6.6962890625
1111,34.86408967382777,1890,1.6962890625
1112,34.89547049261609,1890,1.6962890625
1113,34.92685131140442,1892,3.6962890625
1114,34.95823213019274,1892,3.6962890625
1115,34.98961294898106,1890,1.6962890625
1116,35.02099376776939,1888,-0.3037109375
1117,35.05237458655772,1887,-1.3037109375
1118,35.08375540534603,1888,-0.3037109375
1119,35.11513622413436,1887,-1.3037109375
1120,35.14651704292269,1899,10.6962890625
1121,35.17789786171101,1894,5.6962890625
1122,35.20927868049933,1891,2.6962890625
1123,35.24065949928766,1895,6.6962890625
1124,35.27204031807598,1890,1.6962890625
1125,35.30342113686431,1889,0.6962890625
1126,35.33480195565262,1900,11.6962890625
1127,35.36618277444095,1894,5.6962890625
1128,35.39756359322928,1890,1.6962890625
1129,35.4289444120176,1894,5.6962890625
1130,35.46032523080592,1904,15.6962890625
1131,35.49170604959425,1900,11.6962890625
1132,35.52308686838257,1903,14.6962890625
1133,35.5544676871709,1905,16.6962890625
1134,35.58584850595922,1899,10.6962890625
1135,35.61722932474754,1901,12.6962890625
1136,35.64861014353587,1901,12.6962890625
1137,35.67999096232419,1893,4.6962890625
1138,35.71137178111251,1890,1.6962890625
1139,35.74275259990084,1892,3.6962890625
1140,35.77413341868916,1887,-1.3037109375
1141,35.80551423747749,1889,0.6962890625
1142,35.83689505626581,1884,-4.3037109375
1143,35.86827587505413,1887,-1.3037109375
1144,35.89965669384246,1876,-12.3037109375
1145,35.93103751263079,1872,-16.3037109375
1146,35.9624183314191,1871,-17.3037109375
1147,35.99379915020743,1869,-19.3037109375
1148,36.02517996899576,1875,-13.3037109375
1149,36.05656078778408,1875,-13.3037109375
1150,36.0879416065724,1867,-21.3037109375
1151,36.11932242536072,1874,-14.3037109375
1152,36.15070324414905,1872,-16.3037109375
1153,36.18208406293737,1872,-16.3037109375
1154,36.21346488172569,1881,-7.3037109375
1155,36.24484570051402,1872,-16.3037109375
1156,36.27622651930235,1872,-16.3037109375
1157,36.30760733809066,1871,-17.3037109375
1158,36.33898815687899,1873,-15.3037109375
1159,36.37036897566732,1872,-16.3037109375
1160,36.40174979445564,1878,-10.3037109375
1161,36.43313061324396,1886,-2.3037109375
1162,36.46451143203228,1880,-8.3037109375
1163,36.49589225082061,1883,-5.3037109375
1164,36.52727306960894,1875,-13.3037109375
1165,36.55865388839725,1872,-16.3037109375
1166,36.59003470718558,1872,-16.3037109375
1167,36.62141552597391,1881,-7.3037109375
1168,36.65279634476223,1878,-10.3037109375
1169,36.68417716355055,1882,-6.3037109375
1170,36.71555798233888,1882,-6.3037109375
1171,36.7469388011272,1884,-4.3037109375
1172,36.77831961991553,1897,8.6962890625
1173,36.80970043870385,1880,-8.3037109375
1174,36.84108125749217,1888,-0.3037109375
1175,36.8724620762805,1872,-16.3037109375
1176,36.90384289506882,1887,-1.3037109375
1177,36.93522371385714,1890,1.6962890625
1178,36.96660453264547,1875,-13.3037109375
1179,36.99798535143379,1884,-4.3037109375
1180,37.02936617022212,1887,-1.3037109375
1181,37.06074698901044,1876,-12.3037109375
1182,37.09212780779876,1879,-9.3037109375
1183,37.12350862658709,1878,-10.3037109375
1184,37.15488944537541,1881,-7.3037109375
1185,37.18627026416373,1873,-15.3037109375
1186,37.21765108295206,1886,-2.3037109375
1187,37.24903190174038,1876,-12.3037109375
1188,37.2804127205287,1881,-7.3037109375
1189,37.31179353931703,1877,-11.3037109375
1190,37.34317435810535,1882,-6.3037109375
1191,37.37455517689368,1878,-10.3037109375
1192,37.405935995682,1877,-11.3037109375
1193,37.43731681447032,1882,-6.3037109375
1194,37.46869763325865,1887,-1.3037109375
1195,37.50007845204698,1877,-11.3037109375
1196,37.53145927083529,1869,-19.3037109375
1197,37.56284008962362,1889,0.6962890625
1198,37.59422090841195,1881,-7.3037109375
1199,37.62560172720027,1886,-2.3037109375
1200,37.65698254598859,1887,-1.3037109375
1201,37.68836336477691,1879,-9.3037109375
1202,37.71974418356524,1883,-5.3037109375
1203,37.75112500235357,1872,-16.3037109375
1204,37.78250582114188,1891,2.6962890625
1205,37.81388663993021,1895,6.6962890625
1206,37.84526745871854,1883,-5.3037109375
1207,37.87664827750686,1899,10.6962890625
1208,37.90802909629518,1890,1.6962890625
1209,37.93940991508351,1886,-2.3037109375
1210,37.97079073387183,1881,-7.3037109375
1211,38.00217155266016,1879,-9.3037109375
1212,38.03355237144847,1872,-16.3037109375
1213,38.0649331902368,1874,-14.3037109375
1214,38.09631400902513,1883,-5.3037109375
1215,38.12769482781345,1872,-16.3037109375
1216,38.15907564660177,1882,-6.3037109375
1217,38.1904564653901,1877,-11.3037109375
1218,38.22183728417842,1879,-9.3037109375
1219,38.25321810296674,1881,-7.3037109375
1220,38.28459892175507,1878,-10.3037109375
1221,38.31597974054339,1872,-16.3037109375
1222,38.34736055933172,1885,-3.3037109375
1223,38.37874137812003,1886,-2.3037109375
1224,38.41012219690836,1872,-16.3037109375
1225,38.44150301569669,1875,-13.3037109375
1226,38.47288383448501,1882,-6.3037109375
1227,38.50426465327333,1886,-2.3037109375
1228,38.53564547206166,1877,-11.3037109375
1229,38.56702629084998,1882,-6.3037109375
1230,38.59840710963831,1874,-14.3037109375
1231,38.62978792842663,1871,-17.3037109375
1232,38.66116874721495,1871,-17.3037109375
1233,38.69254956600328,1872,-16.3037109375
1234,38.72393038479161,1871,-17.3037109375
1235,38.75531120357992,1877,-11.3037109375
1236,38.78669202236825,1875,-13.3037109375
1237,38.81807284115657,1869,-19.3037109375
1238,38.8494536599449,1875,-13.3037109375
1239,38.88083447873322,1876,-12.3037109375
1240,38.91221529752154,1878,-10.3037109375
1241,38.94359611630987,1881,-7.3037109375
1242,38.9749769350982,1874,-14.3037109375
1243,39.00635775388651,1872,-16.3037109375
1244,39.03773857267484,1872,-16.3037109375
1245,39.06911939146317,1874,-14.3037109375
1246,39.10050021025149,1873,-15.3037109375
1247,39.13188102903981,1873,-15.3037109375
1248,39.16326184782813,1877,-11.3037109375
1249,39.19464266661646,1856,-32.3037109375
1250,39.22602348540479,1887,-1.3037109375
1251,39.2574043041931,1878,-10.3037109375
1252,39.28878512298143,1881,-7.3037109375
1253,39.32016594176976,1886,-2.3037109375
1254,39.35154676055808,1891,2.6962890625
1255,39.3829275793464,1887,-1.3037109375
1256,39.41430839813473,1899,10.6962890625
1257,39.44568921692305,1894,5.6962890625
1258,39.47707003571137,1904,15.6962890625
1259,39.5084508544997,1895,6.6962890625
1260,39.53983167328802,1901,12.6962890625
1261,39.57121249207635,1897,8.6962890625
1262,39.60259331086466,1888,-0.3037109375
1263,39.63397412965299,1899,10.6962890625
1264,39.66535494844132,1887,-1.3037109375
1265,39.69673576722964,1887,-1.3037109375
1266,39.72811658601796,1888,-0.3037109375
1267,39.75949740480629,1888,-0.3037109375
1268,39.79087822359461,1901,12.6962890625
1269,39.82225904238294,1888,-0.3037109375
1270,39.85363986117126,1892,3.6962890625
1271,39.88502067995958,1884,-4.3037109375
1272,39.91640149874791,1882,-6.3037109375
1273,39.94778231753623,1888,-0.3037109375
1274,39.97916313632455,1878,-10.3037109375
1275,40.01054395511288,1881,-7.3037109375
1276,40.0419247739012,1883,-5.3037109375
1277,40.07330559268953,1889,0.6962890625
1278,40.10468641147785,1885,-3.3037109375
1279,40.13606723026617,1878,-10.3037109375
1280,40.1674480490545,1873,-15.3037109375
1281,40.19882886784283,1873,-15.3037109375
1282,40.23020968663114,1921,32.6962890625
1283,40.26159050541947,1898,9.6962890625
1284,40.2929713242078,1916,27.6962890625
1285,40.32435214299612,1930,41.6962890625
1286,40.35573296178444,1894,5.6962890625
1287,40.38711378057276,1917,28.6962890625
1288,40.41849459936109,1902,13.6962890625
1289,40.44987541814941,1897,8.6962890625
1290,40.48125623693773,1886,-2.3037109375
1291,40.51263705572606,1894,5.6962890625
1292,40.54401787451439,1878,-10.3037109375
1293,40.5753986933027,1881,-7.3037109375
1294,40.60677951209103,1878,-10.3037109375
1295,40.63816033087936,1881,-7.3037109375
1296,40.66954114966768,1874,-14.3037109375
1297,40.700921968456,1875,-13.3037109375
1298,40.73230278724432,1871,-17.3037109375
1299,40.76368360603265,1857,-31.3037109375
1300,40.79506442482098,1891,2.6962890625
1301,40.82644524360929,1879,-9.3037109375
1302,40.85782606239762,1882,-6.3037109375
1303,40.88920688118595,1877,-11.3037109375
1304,40.92058769997427,1875,-13.3037109375
1305,40.95196851876259,1883,-5.3037109375
1306,40.98334933755092,1878,-10.3037109375
1307,41.01473015633924,1872,-16.3037109375
1308,41.04611097512757,1869,-19.3037109375
1309,41.07749179391589,1872,-16.3037109375
1310,41.10887261270421,1863,-25.3037109375
1311,41.14025343149254,1861,-27.3037109375
1312,41.17163425028086,1871,-17.3037109375
1313,41.20301506906918,1874,-14.3037109375
1314,41.23439588785751,1869,-19.3037109375
1315,41.26577670664583,1867,-21.3037109375
1316,41.29715752543416,1872,-16.3037109375
1317,41.32853834422248,1872,-16.3037109375
1318,41.3599191630108,1872,-16.3037109375
1319,41.39129998179913,1872,-16.3037109375
1320,41.42268080058746,1878,-10.3037109375
1321,41.45406161937577,1872,-16.3037109375
1322,41.4854424381641,1871,-17.3037109375
1323,41.51682325695242,1879,-9.3037109375
1324,41.54820407574074,1870,-18.3037109375
1325,41.57958489452907,1867,-21.3037109375
1326,41.61096571331739,1882,-6.3037109375
1327,41.64234653210572,1867,-21.3037109375
1328,41.67372735089404,1872,-16.3037109375
1329,41.70510816968236,1871,-17.3037109375
1330,41.73648898847069,1867,-21.3037109375
1331,41.76786980725902,1873,-15.3037109375
1332,41.79925062604733,1887,-1.3037109375
1333,41.83063144483566,1883,-5.3037109375
1334,41.86201226362399,1903,14.6962890625
1335,41.89339308241231,1884,-4.3037109375
1336,41.92477390120063,1885,-3.3037109375
1337,41.95615471998895,1881,-7.3037109375
1338,41.98753553877728,1899,10.6962890625
1339,42.01891635756561,1886,-2.3037109375
1340,42.05029717635392,1891,2.6962890625
1341,42.08167799514225,1890,1.6962890625
1342,42.11305881393058,1886,-2.3037109375
1343,42.1444396327189,1891,2.6962890625
1344,42.17582045150722,1893,4.6962890625
1345,42.20720127029555,1901,12.6962890625
1346,42.23858208908387,1880,-8.3037109375
1347,42.2699629078722,1886,-2.3037109375
1348,42.30134372666051,1881,-7.3037109375
1349,42.33272454544884,1885,-3.3037109375
1350,42.36410536423717,1881,-7.3037109375
1351,42.39548618302549,1888,-0.3037109375
1352,42.42686700181381,1897,8.6962890625
1353,42.45824782060214,1891,2.6962890625
1354,42.48962863939046,1904,15.6962890625
1355,42.52100945817879,1898,9.6962890625
1356,42.55239027696711,1904,15.6962890625
1357,42.58377109575543,1901,12.6962890625
1358,42.61515191454376,1899,10.6962890625
1359,42.64653273333208,1904,15.6962890625
1360,42.6779135521204,1893,4.6962890625
1361,42.70929437090873,1899,10.6962890625
1362,42.74067518969705,1902,13.6962890625
1363,42.77205600848537,1876,-12.3037109375
1364,42.8034368272737,1915,26.6962890625
1365,42.83481764606202,1908,19.6962890625
1366,42.86619846485035,1919,30.6962890625
1367,42.89757928363867,1915,26.6962890625
1368,42.92896010242699,1903,14.6962890625
1369,42.96034092121532,1904,15.6962890625
1370,42.99172174000365,1895,6.6962890625
1371,43.02310255879196,1902,13.6962890625
1372,43.05448337758029,1895,6.6962890625
1373,43.08586419636861,1901,12.6962890625
1374,43.11724501515694,1891,2.6962890625
1375,43.14862583394526,1891,2.6962890625
1376,43.18000665273358,1889,0.6962890625
1377,43.21138747152191,1874,-14.3037109375
1378,43.24276829031024,1879,-9.3037109375
1379,43.27414910909855,1893,4.6962890625
1380,43.30552992788688,1900,11.6962890625
1381,43.33691074667521,1890,1.6962890625
1382,43.36829156546353,1888,-0.3037109375
1383,43.39967238425185,1895,6.6962890625
1384,43.43105320304018,1899,10.6962890625
1385,43.4624340218285,1894,5.6962890625
1386,43.49381484061683,1898,9.6962890625
1387,43.52519565940514,1921,32.6962890625
1388,43.55657647819347,1883,-5.3037109375
1389,43.5879572969818,1895,6.6962890625
1390,43.61933811577012,1885,-3.3037109375
1391,43.65071893455844,1878,-10.3037109375
1392,43.68209975334677,1872,-16.3037109375
1393,43.71348057213509,1876,-12.3037109375
1394,43.74486139092341,1875,-13.3037109375
1395,43.77624220971174,1872,-16.3037109375
1396,43.80762302850006,1892,3.6962890625
1397,43.83900384728839,1885,-3.3037109375
1398,43.8703846660767,1891,2.6962890625
1399,43.90176548486503,1894,5.6962890625
1400,43.93314630365336,1885,-3.3037109375
1401,43.96452712244168,1870,-18.3037109375
1402,43.99590794123,1879,-9.3037109375
1403,44.02728876001833,1878,-10.3037109375
1404,44.05866957880665,1872,-16.3037109375
1405,44.09005039759498,1881,-7.3037109375
1406,44.1214312163833,1879,-9.3037109375
1407,44.15281203517162,1882,-6.3037109375
1408,44.18419285395995,1882,-6.3037109375
1409,44.21557367274828,1876,-12.3037109375
1410,44.24695449153659,1881,-7.3037109375
1411,44.27833531032492,1882,-6.3037109375
1412,44.30971612911324,1872,-16.3037109375
1413,44.34109694790157,1853,-35.3037109375
1414,44.37247776668989,1879,-9.3037109375
1415,44.40385858547821,1870,-18.3037109375
1416,44.43523940426654,1875,-13.3037109375
1417,44.46662022305487,1869,-19.3037109375
1418,44.49800104184318,1890,1.6962890625
1419,44.52938186063151,1883,-5.3037109375
1420,44.56076267941984,1891,2.6962890625
1421,44.59214349820816,1884,-4.3037109375
1422,44.62352431699648,1871,-17.3037109375
1423,44.6549051357848,1894,5.6962890625
1424,44.68628595457313,1887,-1.3037109375
1425,44.71766677336146,1886,-2.3037109375
1426,44.74904759214977,1888,-0.3037109375
1427,44.7804284109381,1890,1.6962890625
1428,44.81180922972643,1906,17.6962890625
1429,44.84319004851474,1898,9.6962890625
1430,44.87457086730307,1904,15.6962890625
1431,44.9059516860914,1899,10.6962890625
1432,44.93733250487972,1894,5.6962890625
1433,44.96871332366804,1899,10.6962890625
1434,45.00009414245636,1904,15.6962890625
1435,45.03147496124469,1901,12.6962890625
1436,45.06285578003302,1906,17.6962890625
1437,45.09423659882133,1907,18.6962890625
1438,45.12561741760966,1904,15.6962890625
1439,45.15699823639799,1905,16.6962890625
1440,45.18837905518631,1904,15.6962890625
1441,45.21975987397463,1915,26.6962890625
1442,45.25114069276296,1904,15.6962890625
1443,45.28252151155128,1910,21.6962890625
1444,45.31390233033961,1908,19.6962890625
1445,45.34528314912793,1904,15.6962890625
1446,45.37666396791625,1911,22.6962890625
1447,45.40804478670458,1902,13.6962890625
1448,45.4394256054929,1911,22.6962890625
1449,45.47080642428122,1905,16.6962890625
1450,45.50218724306955,1915,26.6962890625
1451,45.53356806185787,1920,31.6962890625
1452,45.5649488806462,1904,15.6962890625
1453,45.59632969943452,1910,21.6962890625
1454,45.62771051822284,1904,15.6962890625
1455,45.65909133701117,1901,12.6962890625
1456,45.6904721557995,1897,8.6962890625
1457,45.72185297458781,1904,15.6962890625
1458,45.75323379337614,1882,-6.3037109375
1459,45.78461461216446,1897,8.6962890625
1460,45.81599543095279,1904,15.6962890625
1461,45.84737624974111,1904,15.6962890625
1462,45.87875706852943,1893,4.6962890625
1463,45.91013788731776,1898,9.6962890625
1464,45.94151870610608,1893,4.6962890625
1465,45.9728995248944,1891,2.6962890625
1466,46.00428034368273,1885,-3.3037109375
1467,46.03566116247106,1885,-3.3037109375
1468,46.06704198125937,1883,-5.3037109375
1469,46.0984228000477,1885,-3.3037109375
1470,46.12980361883603,1883,-5.3037109375
1471,46.16118443762435,1890,1.6962890625
1472,46.19256525641267,1887,-1.3037109375
1473,46.22394607520099,1893,4.6962890625
1474,46.25532689398932,1884,-4.3037109375
1475,46.28670771277765,1885,-3.3037109375
1476,46.31808853156596,1882,-6.3037109375
1477,46.34946935035429,1881,-7.3037109375
1478,46.38085016914262,1885,-3.3037109375
1479,46.41223098793094,1883,-5.3037109375
1480,46.44361180671926,1892,3.6962890625
1481,46.47499262550759,1883,-5.3037109375
1482,46.50637344429591,1904,15.6962890625
1483,46.53775426308424,1901,12.6962890625
1484,46.56913508187255,1894,5.6962890625
1485,46.60051590066088,1893,4.6962890625
1486,46.63189671944921,1890,1.6962890625
1487,46.66327753823753,1890,1.6962890625
1488,46.69465835702585,1889,0.6962890625
1489,46.72603917581418,1913,24.6962890625
1490,46.7574199946025,1901,12.6962890625
1491,46.78880081339083,1893,4.6962890625
1492,46.82018163217915,1915,26.6962890625
1493,46.85156245096747,1905,16.6962890625
1494,46.8829432697558,1904,15.6962890625
1495,46.91432408854412,1907,18.6962890625
1496,46.94570490733244,1901,12.6962890625
1497,46.97708572612077,1901,12.6962890625
1498,47.00846654490909,1889,0.6962890625
1499,47.03984736369741,1894,5.6962890625
1500,47.07122818248574,1889,0.6962890625
1501,47.10260900127406,1886,-2.3037109375
1502,47.13398982006239,1894,5.6962890625
1503,47.16537063885071,1883,-5.3037109375
1504,47.19675145763903,1893,4.6962890625
1505,47.22813227642736,1891,2.6962890625
1506,47.25951309521569,1884,-4.3037109375
1507,47.290893914004,1901,12.6962890625
1508,47.32227473279233,1888,-0.3037109375
1509,47.35365555158065,1889,0.6962890625
1510,47.38503637036898,1905,16.6962890625
1511,47.4164171891573,1898,9.6962890625
1512,47.44779800794562,1901,12.6962890625
1513,47.47917882673395,1895,6.6962890625
1514,47.51055964552228,1904,15.6962890625
1515,47.54194046431059,1900,11.6962890625
1516,47.57332128309892,1900,11.6962890625
1517,47.60470210188725,1901,12.6962890625
1518,47.63608292067557,1893,4.6962890625
1519,47.66746373946389,1895,6.6962890625
1520,47.69884455825222,1891,2.6962890625
1521,47.73022537704054,1893,4.6962890625
1522,47.76160619582887,1883,-5.3037109375
1523,47.79298701461718,1892,3.6962890625
1524,47.82436783340551,1887,-1.3037109375
1525,47.85574865219384,1898,9.6962890625
1526,47.88712947098216,1898,9.6962890625
1527,47.91851028977048,1898,9.6962890625
1528,47.94989110855881,1889,0.6962890625
1529,47.98127192734713,1894,5.6962890625
1530,48.01265274613546,1886,-2.3037109375
1531,48.04403356492378,1885,-3.3037109375
1532,48.0754143837121,1907,18.6962890625
1533,48.10679520250043,1898,9.6962890625
1534,48.13817602128874,1885,-3.3037109375
1535,48.16955684007707,1894,5.6962890625
1536,48.2009376588654,1896,7.6962890625
1537,48.23231847765372,1890,1.6962890625
1538,48.26369929644204,1947,58.6962890625
1539,48.29508011523037,1915,26.6962890625
1540,48.32646093401869,1936,47.6962890625
1541,48.35784175280702,1941,52.6962890625
1542,48.38922257159534,1915,26.6962890625
1543,48.42060339038366,1919,30.6962890625
1544,48.45198420917199,1915,26.6962890625
1545,48.48336502796032,1914,25.6962890625
1546,48.51474584674863,1883,-5.3037109375
1547,48.54612666553696,1898,9.6962890625
1548,48.57750748432528,1875,-13.3037109375
1549,48.60888830311361,1886,-2.3037109375
1550,48.64026912190193,1879,-9.3037109375
1551,48.67164994069025,1885,-3.3037109375
1552,48.70303075947858,1872,-16.3037109375
1553,48.73441157826691,1882,-6.3037109375
1554,48.76579239705522,1890,1.6962890625
1555,48.79717321584355,1874,-14.3037109375
1556,48.82855403463188,1892,3.6962890625
1557,48.8599348534202,1905,16.6962890625
1558,48.89131567220852,1903,14.6962890625
1559,48.92269649099684,1894,5.6962890625
1560,48.95407730978517,1895,6.6962890625
1561,48.9854581285735,1894,5.6962890625
1562,49.01683894736181,1887,-1.3037109375
1563,49.04821976615014,1889,0.6962890625
1564,49.07960058493847,1871,-17.3037109375
1565,49.11098140372679,1886,-2.3037109375
1566,49.14236222251511,1890,1.6962890625
1567,49.17374304130344,1893,4.6962890625
1568,49.20512386009176,1889,0.6962890625
1569,49.23650467888008,1890,1.6962890625
1570,49.26788549766841,1901,12.6962890625
1571,49.29926631645673,1879,-9.3037109375
1572,49.33064713524506,1903,14.6962890625
1573,49.36202795403337,1905,16.6962890625
1574,49.3934087728217,1887,-1.3037109375
1575,49.42478959161003,1904,15.6962890625
1576,49.45617041039835,1910,21.6962890625
1577,49.48755122918667,1904,15.6962890625
1578,49.518932047975,1899,10.6962890625
1579,49.55031286676332,1904,15.6962890625
1580,49.58169368555165,1897,8.6962890625
1581,49.61307450433997,1885,-3.3037109375
1582,49.64445532312829,1884,-4.3037109375
1583,49.67583614191662,1895,6.6962890625
1584,49.70721696070494,1873,-15.3037109375
1585,49.73859777949326,1882,-6.3037109375
1586,49.76997859828159,1891,2.6962890625
1587,49.80135941706991,1887,-1.3037109375
1588,49.83274023585824,1894,5.6962890625
1589,49.86412105464656,1896,7.6962890625
1590,49.89550187343488,1890,1.6962890625
1591,49.92688269222321,1898,9.6962890625
1592,49.95826351101154,1879,-9.3037109375
1593,49.98964432979985,1887,-1.3037109375
1594,50.02102514858818,1883,-5.3037109375
1595,50.05240596737651,1877,-11.3037109375
1596,50.08378678616483,1879,-9.3037109375
1597,50.11516760495315,1872,-16.3037109375
1598,50.14654842374147,1867,-21.3037109375
1599,50.1779292425298,1876,-12.3037109375
1600,50.20931006131812,1883,-5.3037109375
1601,50.24069088010644,1887,-1.3037109375
1602,50.27207169889477,1878,-10.3037109375
1603,50.3034525176831,1877,-11.3037109375
1604,50.33483333647141,1883,-5.3037109375
1605,50.36621415525974,1887,-1.3037109375
1606,50.39759497404807,1893,4.6962890625
1607,50.42897579283639,1889,0.6962890625
1608,50.46035661162471,1897,8.6962890625
1609,50.49173743041303,1893,4.6962890625
1610,50.52311824920136,1895,6.6962890625
1611,50.55449906798969,1901,12.6962890625
1612,50.585879886778,1884,-4.3037109375
1613,50.61726070556633,1899,10.6962890625
1614,50.64864152435466,1889,0.6962890625
1615,50.68002234314298,1886,-2.3037109375
1616,50.7114031619313,1898,9.6962890625
1617,50.74278398071963,1889,0.6962890625
1618,50.77416479950795,1904,15.6962890625
1619,50.80554561829628,1893,4.6962890625
1620,50.8369264370846,1901,12.6962890625
1621,50.86830725587292,1914,25.6962890625
1622,50.89968807466125,1904,15.6962890625
1623,50.93106889344957,1908,19.6962890625
1624,50.96244971223789,1905,16.6962890625
1625,50.99383053102622,1903,14.6962890625
1626,51.02521134981454,1904,15.6962890625
1627,51.05659216860287,1904,15.6962890625
1628,51.08797298739119,1905,16.6962890625
1629,51.11935380617951,1903,14.6962890625
1630,51.15073462496784,1899,10.6962890625
1631,51.18211544375617,1905,16.6962890625
1632,51.21349626254448,1904,15.6962890625
1633,51.24487708133281,1904,15.6962890625
1634,51.27625790012113,1903,14.6962890625
1635,51.30763871890946,1898,9.6962890625
1636,51.33901953769778,1901,12.6962890625
1637,51.3704003564861,1903,14.6962890625
1638,51.40178117527443,1893,4.6962890625
1639,51.43316199406275,1890,1.6962890625
1640,51.46454281285107,1903,14.6962890625
1641,51.4959236316394,1895,6.6962890625
1642,51.52730445042773,1891,2.6962890625
1643,51.55868526921604,1895,6.6962890625
1644,51.59006608800437,1896,7.6962890625
1645,51.62144690679269,1897,8.6962890625
1646,51.65282772558102,1904,15.6962890625
1647,51.68420854436934,1894,5.6962890625
1648,51.71558936315766,1887,-1.3037109375
1649,51.74697018194599,1887,-1.3037109375
1650,51.77835100073432,1893,4.6962890625
1651,51.80973181952263,1894,5.6962890625
1652,51.84111263831096,1900,11.6962890625
1653,51.87249345709929,1903,14.6962890625
1654,51.90387427588761,1894,5.6962890625
1655,51.93525509467593,1894,5.6962890625
1656,51.96663591346426,1895,6.6962890625
1657,51.99801673225258,1895,6.6962890625
1658,52.02939755104091,1893,4.6962890625
1659,52.06077836982922,1903,14.6962890625
1660,52.09215918861755,1895,6.6962890625
1661,52.12354000740588,1906,17.6962890625
1662,52.1549208261942,1895,6.6962890625
1663,52.18630164498252,1901,12.6962890625
1664,52.21768246377085,1893,4.6962890625
1665,52.24906328255917,1893,4.6962890625
1666,52.2804441013475,1899,10.6962890625
1667,52.31182492013582,1904,15.6962890625
1668,52.34320573892414,1901,12.6962890625
1669,52.37458655771247,1904,15.6962890625
1670,52.40596737650079,1897,8.6962890625
1671,52.43734819528911,1904,15.6962890625
1672,52.46872901407744,1906,17.6962890625
1673,52.50010983286576,1904,15.6962890625
1674,52.53149065165408,1907,18.6962890625
1675,52.56287147044241,1909,20.6962890625
1676,52.59425228923073,1889,0.6962890625
1677,52.62563310801906,1904,15.6962890625
1678,52.65701392680738,1897,8.6962890625
1679,52.6883947455957,1894,5.6962890625
1680,52.71977556438403,1895,6.6962890625
1681,52.75115638317236,1899,10.6962890625
1682,52.78253720196067,1904,15.6962890625
1683,52.813918020749,1895,6.6962890625
1684,52.84529883953732,1901,12.6962890625
1685,52.87667965832565,1903,14.6962890625
1686,52.90806047711397,1898,9.6962890625
1687,52.93944129590229,1905,16.6962890625
1688,52.97082211469062,1897,8.6962890625
1689,53.00220293347895,1899,10.6962890625
1690,53.03358375226726,1892,3.6962890625
1691,53.06496457105559,1883,-5.3037109375
1692,53.09634538984392,1895,6.6962890625
1693,53.12772620863224,1889,0.6962890625
1694,53.15910702742056,1886,-2.3037109375
1695,53.19048784620888,1890,1.6962890625
1696,53.22186866499721,1887,-1.3037109375
1697,53.25324948378554,1888,-0.3037109375
1698,53.28463030257385,1879,-9.3037109375
1699,53.31601112136218,1883,-5.3037109375
1700,53.34739194015051,1881,-7.3037109375
1701,53.37877275893883,1883,-5.3037109375
1702,53.41015357772715,1891,2.6962890625
1703,53.44153439651548,1889,0.6962890625
1704,53.4729152153038,1907,18.6962890625
1705,53.50429603409212,1903,14.6962890625
1706,53.53567685288045,1899,10.6962890625
1707,53.56705767166877,1905,16.6962890625
1708,53.5984384904571,1876,-12.3037109375
1709,53.62981930924541,1899,10.6962890625
1710,53.66120012803374,1895,6.6962890625
1711,53.69258094682207,1891,2.6962890625
1712,53.72396176561039,1886,-2.3037109375
1713,53.75534258439871,1889,0.6962890625
1714,53.78672340318704,1893,4.6962890625
1715,53.81810422197536,1893,4.6962890625
1716,53.84948504076369,1898,9.6962890625
1717,53.88086585955201,1901,12.6962890625
1718,53.91224667834033,1889,0.6962890625
1719,53.94362749712866,1892,3.6962890625
1720,53.97500831591698,1883,-5.3037109375
1721,54.0063891347053,1887,-1.3037109375
1722,54.03776995349363,1882,-6.3037109375
1723,54.06915077228195,1882,-6.3037109375
1724,54.10053159107028,1886,-2.3037109375
1725,54.1319124098586,1868,-20.3037109375
1726,54.16329322864692,1886,-2.3037109375
1727,54.19467404743525,1872,-16.3037109375
1728,54.22605486622358,1877,-11.3037109375
1729,54.25743568501189,1872,-16.3037109375
1730,54.28881650380022,1879,-9.3037109375
1731,54.32019732258855,1883,-5.3037109375
1732,54.35157814137687,1874,-14.3037109375
1733,54.38295896016519,1885,-3.3037109375
1734,54.41433977895351,1884,-4.3037109375
1735,54.44572059774184,1871,-17.3037109375
1736,54.47710141653017,1887,-1.3037109375
1737,54.50848223531848,1888,-0.3037109375
1738,54.53986305410681,1889,0.6962890625
1739,54.57124387289514,1892,3.6962890625
1740,54.60262469168346,1893,4.6962890625
1741,54.63400551047178,1893,4.6962890625
1742,54.66538632926011,1893,4.6962890625
1743,54.69676714804843,1883,-5.3037109375
1744,54.72814796683675,1874,-14.3037109375
1745,54.75952878562507,1890,1.6962890625
1746,54.7909096044134,1892,3.6962890625
1747,54.82229042320173,1869,-19.3037109375
1748,54.85367124199004,1886,-2.3037109375
1749,54.88505206077837,1900,11.6962890625
1750,54.9164328795667,1875,-13.3037109375
1751,54.94781369835502,1890,1.6962890625
1752,54.97919451714334,1878,-10.3037109375
1753,55.01057533593167,1882,-6.3037109375
1754,55.04195615471999,1872,-16.3037109375
1755,55.07333697350832,1873,-15.3037109375
1756,55.10471779229664,1877,-11.3037109375
1757,55.13609861108496,1870,-18.3037109375
1758,55.16747942987329,1877,-11.3037109375
1759,55.19886024866161,1875,-13.3037109375
1760,55.23024106744993,1875,-13.3037109375
1761,55.26162188623826,1882,-6.3037109375
1762,55.29300270502658,1878,-10.3037109375
1763,55.32438352381491,1872,-16.3037109375
1764,55.35576434260323,1875,-13.3037109375
1765,55.38714516139155,1872,-16.3037109375
1766,55.41852598017988,1874,-14.3037109375
1767,55.44990679896821,1871,-17.3037109375
1768,55.48128761775652,1878,-10.3037109375
1769,55.51266843654485,1879,-9.3037109375
1770,55.54404925533317,1878,-10.3037109375
1771,55.5754300741215,1878,-10.3037109375
1772,55.60681089290982,1872,-16.3037109375
1773,55.63819171169814,1877,-11.3037109375
1774,55.66957253048647,1861,-27.3037109375
1775,55.70095334927479,1866,-22.3037109375
1776,55.73233416806311,1871,-17.3037109375
1777,55.76371498685144,1869,-19.3037109375
1778,55.79509580563977,1855,-33.3037109375
1779,55.82647662442808,1872,-16.3037109375
1780,55.85785744321641,1883,-5.3037109375
1781,55.88923826200474,1881,-7.3037109375
1782,55.92061908079306,1872,-16.3037109375
1783,55.95199989958138,1877,-11.3037109375
1784,55.9833807183697,1872,-16.3037109375
1785,56.01476153715803,1872,-16.3037109375
1786,56.04614235594636,1872,-16.3037109375
1787,56.07752317473467,1867,-21.3037109375
1788,56.108903993523,1877,-11.3037109375
1789,56.14028481231133,1872,-16.3037109375
1790,56.17166563109965,1879,-9.3037109375
1791,56.20304644988797,1883,-5.3037109375
1792,56.2344272686763,1877,-11.3037109375
1793,56.26580808746462,1875,-13.3037109375
1794,56.29718890625295,1930,41.6962890625
1795,56.32856972504126,1895,6.6962890625
1796,56.35995054382959,1935,46.6962890625
1797,56.39133136261792,1936,47.6962890625
1798,56.42271218140624,1919,30.6962890625
1799,56.45409300019456,1921,32.6962890625
1800,56.48547381898289,1893,4.6962890625
1801,56.51685463777121,1917,28.6962890625
1802,56.54823545655954,1885,-3.3037109375
1803,56.57961627534786,1897,8.6962890625
1804,56.61099709413618,1891,2.6962890625
1805,56.64237791292451,1889,0.6962890625
1806,56.67375873171284,1881,-7.3037109375
1807,56.70513955050115,1885,-3.3037109375
1808,56.73652036928948,1883,-5.3037109375
1809,56.7679011880778,1890,1.6962890625
1810,56.79928200686612,1886,-2.3037109375
1811,56.83066282565445,1890,1.6962890625
1812,56.86204364444277,1873,-15.3037109375
1813,56.8934244632311,1883,-5.3037109375
1814,56.92480528201942,1872,-16.3037109375
1815,56.95618610080774,1877,-11.3037109375
1816,56.98756691959607,1865,-23.3037109375
1817,57.0189477383844,1863,-25.3037109375
1818,57.05032855717271,1849,-39.3037109375
1819,57.08170937596104,1861,-27.3037109375
1820,57.11309019474936,1855,-33.3037109375
1821,57.14447101353769,1843,-45.3037109375
1822,57.17585183232601,1841,-47.3037109375
1823,57.20723265111433,1854,-34.3037109375
1824,57.23861346990266,1856,-32.3037109375
1825,57.26999428869099,1851,-37.3037109375
1826,57.3013751074793,1855,-33.3037109375
1827,57.33275592626763,1872,-16.3037109375
1828,57.36413674505596,1867,-21.3037109375
1829,57.39551756384428,1872,-16.3037109375
1830,57.4268983826326,1871,-17.3037109375
1831,57.45827920142093,1873,-15.3037109375
1832,57.48966002020925,1870,-18.3037109375
1833,57.52104083899758,1872,-16.3037109375
1834,57.55242165778589,1874,-14.3037109375
1835,57.58380247657422,1873,-15.3037109375
1836,57.61518329536255,1874,-14.3037109375
1837,57.64656411415087,1878,-10.3037109375
1838,57.67794493293919,1878,-10.3037109375
1839,57.70932575172752,1881,-7.3037109375
1840,57.74070657051584,1875,-13.3037109375
1841,57.77208738930417,1882,-6.3037109375
1842,57.80346820809249,1895,6.6962890625
1843,57.83484902688081,1885,-3.3037109375
1844,57.86622984566914,1897,8.6962890625
1845,57.89761066445746,1895,6.6962890625
1846,57.92899148324578,1875,-13.3037109375
1847,57.96037230203411,1880,-8.3037109375
1848,57.99175312082243,1869,-19.3037109375
1849,58.02313393961075,1871,-17.3037109375
1850,58.05451475839908,1862,-26.3037109375
1851,58.0858955771874,1863,-25.3037109375
1852,58.11727639597573,1858,-30.3037109375
1853,58.14865721476405,1862,-26.3037109375
1854,58.18003803355237,1862,-26.3037109375
1855,58.2114188523407,1866,-22.3037109375
1856,58.24279967112902,1859,-29.3037109375
1857,58.27418048991734,1872,-16.3037109375
1858,58.30556130870567,1858,-30.3037109375
1859,58.33694212749399,1862,-26.3037109375
1860,58.36832294628232,1866,-22.3037109375
1861,58.39970376507064,1858,-30.3037109375
1862,58.43108458385896,1869,-19.3037109375
1863,58.46246540264729,1861,-27.3037109375
1864,58.49384622143562,1874,-14.3037109375
1865,58.52522704022393,1873,-15.3037109375
1866,58.55660785901226,1871,-17.3037109375
1867,58.58798867780059,1872,-16.3037109375
1868,58.61936949658891,1865,-23.3037109375
1869,58.65075031537723,1862,-26.3037109375
1870,58.68213113416555,1869,-19.3037109375
1871,58.71351195295388,1865,-23.3037109375
1872,58.74489277174221,1863,-25.3037109375
1873,58.77627359053052,1867,-21.3037109375
1874,58.80765440931885,1879,-9.3037109375
1875,58.83903522810718,1879,-9.3037109375
1876,58.8704160468955,1874,-14.3037109375
1877,58.90179686568382,1879,-9.3037109375
1878,58.93317768447215,1879,-9.3037109375
1879,58.96455850326047,1875,-13.3037109375
1880,58.99593932204879,1869,-19.3037109375
1881,59.02732014083711,1872,-16.3037109375
1882,59.05870095962544,1874,-14.3037109375
1883,59.09008177841377,1875,-13.3037109375
1884,59.12146259720208,1870,-18.3037109375
1885,59.15284341599041,1878,-10.3037109375
1886,59.18422423477874,1875,-13.3037109375
1887,59.21560505356706,1875,-13.3037109375
1888,59.24698587235538,1886,-2.3037109375
1889,59.27836669114371,1877,-11.3037109375
1890,59.30974750993203,1885,-3.3037109375
1891,59.34112832872036,1886,-2.3037109375
1892,59.37250914750868,1891,2.6962890625
1893,59.403889966297,1882,-6.3037109375
1894,59.43527078508533,1902,13.6962890625
1895,59.46665160387365,1887,-1.3037109375
1896,59.49803242266197,1894,5.6962890625
1897,59.5294132414503,1902,13.6962890625
1898,59.56079406023862,1902,13.6962890625
1899,59.59217487902695,1893,4.6962890625
1900,59.62355569781527,1887,-1.3037109375
1901,59.65493651660359,1888,-0.3037109375
1902,59.68631733539192,1889,0.6962890625
1903,59.71769815418025,1886,-2.3037109375
1904,59.74907897296856,1898,9.6962890625
1905,59.78045979175689,1894,5.6962890625
1906,59.81184061054521,1925,36.6962890625
1907,59.84322142933354,1902,13.6962890625
1908,59.87460224812186,1907,18.6962890625
1909,59.90598306691018,1907,18.6962890625
1910,59.93736388569851,1890,1.6962890625
1911,59.96874470448684,1904,15.6962890625
1912,60.00012552327515,1888,-0.3037109375
1913,60.03150634206348,1894,5.6962890625
1914,60.06288716085181,1889,0.6962890625
1915,60.09426797964012,1885,-3.3037109375
1916,60.12564879842845,1890,1.6962890625
1917,60.15702961721678,1885,-3.3037109375
1918,60.1884104360051,1887,-1.3037109375
1919,60.21979125479342,1885,-3.3037109375
1920,60.25117207358174,1886,-2.3037109375
1921,60.28255289237007,1891,2.6962890625
1922,60.3139337111584,1895,6.6962890625
1923,60.34531452994671,1888,-0.3037109375
1924,60.37669534873504,1891,2.6962890625
1925,60.40807616752337,1889,0.6962890625
1926,60.43945698631169,1901,12.6962890625
1927,60.47083780510001,1883,-5.3037109375
1928,60.50221862388834,1895,6.6962890625
1929,60.53359944267666,1892,3.6962890625
1930,60.56498026146499,1886,-2.3037109375
1931,60.5963610802533,1902,13.6962890625
1932,60.62774189904163,1878,-10.3037109375
1933,60.65912271782996,1885,-3.3037109375
1934,60.69050353661828,1883,-5.3037109375
1935,60.7218843554066,1878,-10.3037109375
1936,60.75326517419493,1883,-5.3037109375
1937,60.78464599298325,1872,-16.3037109375
1938,60.81602681177158,1887,-1.3037109375
1939,60.8474076305599,1879,-9.3037109375
1940,60.87878844934822,1890,1.6962890625
1941,60.91016926813655,1893,4.6962890625
1942,60.94155008692488,1880,-8.3037109375
1943,60.97293090571319,1882,-6.3037109375
1944,61.00431172450152,1879,-9.3037109375
1945,61.03569254328984,1871,-17.3037109375
1946,61.06707336207817,1872,-16.3037109375
1947,61.09845418086649,1872,-16.3037109375
1948,61.12983499965481,1845,-43.3037109375
1949,61.16121581844314,1872,-16.3037109375
1950,61.19259663723146,1867,-21.3037109375
1951,61.22397745601978,1867,-21.3037109375
1952,61.25535827480811,1859,-29.3037109375
1953,61.28673909359644,1867,-21.3037109375
1954,61.31811991238475,1872,-16.3037109375
1955,61.34950073117308,1869,-19.3037109375
1956,61.3808815499614,1873,-15.3037109375
1957,61.41226236874973,1873,-15.3037109375
1958,61.44364318753805,1879,-9.3037109375
1959,61.47502400632637,1881,-7.3037109375
1960,61.5064048251147,1889,0.6962890625
1961,61.53778564390303,1883,-5.3037109375
1962,61.56916646269134,1883,-5.3037109375
1963,61.60054728147967,1890,1.6962890625
1964,61.631928100268,1890,1.6962890625
1965,61.66330891905632,1882,-6.3037109375
1966,61.69468973784464,1895,6.6962890625
1967,61.72607055663297,1900,11.6962890625
1968,61.75745137542129,1889,0.6962890625
1969,61.78883219420962,1890,1.6962890625
1970,61.82021301299793,1902,13.6962890625
1971,61.85159383178626,1895,6.6962890625
1972,61.88297465057459,1897,8.6962890625
1973,61.91435546936291,1897,8.6962890625
1974,61.94573628815123,1897,8.6962890625
1975,61.97711710693956,1903,14.6962890625
1976,62.00849792572788,1886,-2.3037109375
1977,62.03987874451621,1897,8.6962890625
1978,62.07125956330453,1905,16.6962890625
1979,62.10264038209285,1897,8.6962890625
1980,62.13402120088118,1904,15.6962890625
1981,62.1654020196695,1900,11.6962890625
1982,62.19678283845782,1897,8.6962890625
1983,62.22816365724615,1904,15.6962890625
1984,62.25954447603447,1903,14.6962890625
1985,62.29092529482279,1904,15.6962890625
1986,62.32230611361112,1904,15.6962890625
1987,62.35368693239944,1909,20.6962890625
1988,62.38506775118777,1903,14.6962890625
1989,62.41644856997609,1903,14.6962890625
1990,62.44782938876441,1899,10.6962890625
1991,62.47921020755274,1891,2.6962890625
1992,62.51059102634106,1894,5.6962890625
1993,62.54197184512938,1901,12.6962890625
1994,62.57335266391771,1895,6.6962890625
1995,62.60473348270604,1897,8.6962890625
1996,62.636114301494366,1901,12.6962890625
1997,62.66749512028267,1902,13.6962890625
1998,62.698875939071,1895,6.6962890625
1999,62.73025675785933,1899,10.6962890625
2000,62.76163757664766,1893,4.6962890625
2001,62.79301839543598,1884,-4.3037109375
2002,62.82439921422429,1904,15.6962890625
2003,62.85578003301262,1899,10.6962890625
2004,62.88716085180095,1904,15.6962890625
2005,62.91854167058927,1904,15.6962890625
2006,62.9499224893776,1894,5.6962890625
2007,62.98130330816593,1903,14.6962890625
2008,63.01268412695424,1904,15.6962890625
2009,63.04406494574256,1895,6.6962890625
2010,63.07544576453089,1888,-0.3037109375
2011,63.10682658331922,1892,3.6962890625
2012,63.13820740210755,1883,-5.3037109375
2013,63.169588220895854,1881,-7.3037109375
2014,63.20096903968418,1889,0.6962890625
2015,63.23234985847251,1895,6.6962890625
2016,63.26373067726084,1898,9.6962890625
2017,63.29511149604916,1894,5.6962890625
2018,63.32649231483749,1895,6.6962890625
2019,63.3578731336258,1894,5.6962890625
2020,63.38925395241412,1891,2.6962890625
2021,63.42063477120245,1904,15.6962890625
2022,63.45201558999078,1899,10.6962890625
2023,63.48339640877911,1899,10.6962890625
2024,63.514777227567414,1902,13.6962890625
2025,63.54615804635574,1903,14.6962890625
2026,63.57753886514407,1895,6.6962890625
2027,63.6089196839324,1898,9.6962890625
2028,63.64030050272072,1901,12.6962890625
2029,63.67168132150905,1895,6.6962890625
2030,63.70306214029736,1893,4.6962890625
2031,63.73444295908569,1904,15.6962890625
2032,63.76582377787401,1893,4.6962890625
2033,63.79720459666234,1893,4.6962890625
2034,63.82858541545067,1904,15.6962890625
2035,63.859966234238996,1908,19.6962890625
2036,63.8913470530273,1889,0.6962890625
2037,63.92272787181563,1898,9.6962890625
2038,63.95410869060396,1889,0.6962890625
2039,63.98548950939229,1889,0.6962890625
2040,64.01687032818062,1885,-3.3037109375
2041,64.04825114696892,1883,-5.3037109375
2042,64.07963196575724,1887,-1.3037109375
2043,64.11101278454558,1884,-4.3037109375
2044,64.1423936033339,1876,-12.3037109375
2045,64.17377442212224,1890,1.6962890625
2046,64.20515524091056,1890,1.6962890625
2047,64.23653605969886,1889,0.6962890625
